unidade;ano;mes;tipo_procedimento;qtde_procedimento
HAC;2025;10;CURETAGEM SEMIOTICA C/ OU S/ DILATACAO DO COLO DO UTERO;1
HAC;2025;10;HISTEROSCOPIA CIRURGICA C/ RESSECTOSCOPIO;1
HAC;2025;10;SALPINGOPLASTIA VIDEOLAPAROSCOPICA;1
HAC;2025;11;CURETAGEM UTERINA EM MOLA HIDATIFORME;1
HAC;2025;11;HISTERECTOMIA C/ ANEXECTOMIA (UNI / BILATERAL);1
HAC;2025;11;HISTERECTOMIA TOTAL;2
HAC;2025;11;OOFORECTOMIA / OOFOROPLASTIA;1
HAC;2025;12;CURETAGEM SEMIOTICA C/ OU S/ DILATACAO DO COLO DO UTERO;1
HAC;2025;12;HISTERECTOMIA C/ ANEXECTOMIA (UNI / BILATERAL);1
HAC;2025;12;HISTERECTOMIA C/ ANEXECTOMIA BILATERAL E COLPECTOMIA SOB PROCESSO TRANSEXUALIZADOR;1
HAC;2025;12;HISTERECTOMIA TOTAL AMPLIADA (WERTHEIN-MEIGS);1
HAC;2025;12;OOFORECTOMIA / OOFOROPLASTIA;1
HAC;2026;1;CURETAGEM SEMIOTICA C/ OU S/ DILATACAO DO COLO DO UTERO;2
HAC;2026;1;EXERESE DE POLIPO DE UTERO;1
HAC;2026;1;EXTIRPACAO DE LESAO DE VULVA / PERINEO (POR ELETROCOAGULACAO OU FULGURACAO);1
HAC;2026;1;OOFORECTOMIA / OOFOROPLASTIA;1
HAC;2026;2;HISTERECTOMIA TOTAL;1
HAC;2026;2;OOFORECTOMIA / OOFOROPLASTIA;1
HAC;2026;3;HISTERECTOMIA TOTAL;1
HAC;2026;3;HISTEROSCOPIA CIRURGICA C/ RESSECTOSCOPIO;1
HAC;2026;3;OOFORECTOMIA / OOFOROPLASTIA;2
HCM;2026;3;LAQUEADURA TUBARIA;15
HEM;2026;1;EXTIRPACAO DE LESAO DE VULVA / PERINEO (POR ELETROCOAGULACAO OU FULGURACAO);1
HJK;2019;1;CESAREAS;68
HJK;2019;1;CIRURGIA GINECOLÓGICA;35
HJK;2019;1;CURETAGEM;12
HJK;2019;1;FORCEPS NORMAL;5
HJK;2019;1;PARTO GEMELAR NORMAL;1
HJK;2019;1;PARTO NORMAL;151
HJK;2019;2;CESAREAS;66
HJK;2019;2;CIRURGIA GINECOLÓGICA;35
HJK;2019;2;CURETAGEM;12
HJK;2019;2;FORCEPS CESAREA;1
HJK;2019;2;FORCEPS NORMAL;5
HJK;2019;2;PARTO GEMELAR CESARIANA;5
HJK;2019;2;PARTO GEMELAR NORMAL;1
HJK;2019;2;PARTO NORMAL;145
HJK;2019;3;CESAREAS;75
HJK;2019;3;CIRURGIA GINECOLÓGICA;18
HJK;2019;3;CURETAGEM;12
HJK;2019;3;PARTO GEMELAR CESARIANA;1
HJK;2019;3;PARTO GEMELAR NORMAL;2
HJK;2019;3;PARTO NORMAL;132
HJK;2019;4;CESAREAS;60
HJK;2019;4;CIRURGIA GINECOLÓGICA;36
HJK;2019;4;CURETAGEM;22
HJK;2019;4;FORCEPS CESAREA;2
HJK;2019;4;FORCEPS NORMAL;1
HJK;2019;4;PARTO GEMELAR CESARIANA;2
HJK;2019;4;PARTO GEMELAR NORMAL;2
HJK;2019;4;PARTO NORMAL;155
HJK;2019;5;CESAREAS;63
HJK;2019;5;CIRURGIA GINECOLÓGICA;32
HJK;2019;5;CURETAGEM;13
HJK;2019;5;FORCEPS CESAREA;1
HJK;2019;5;FORCEPS NORMAL;3
HJK;2019;5;PARTO GEMELAR CESARIANA;6
HJK;2019;5;PARTO GEMELAR NORMAL;1
HJK;2019;5;PARTO NORMAL;140
HJK;2019;6;CESAREAS;63
HJK;2019;6;CIRURGIA GINECOLÓGICA;33
HJK;2019;6;CURETAGEM;9
HJK;2019;6;FORCEPS CESAREA;1
HJK;2019;6;FORCEPS NORMAL;1
HJK;2019;6;PARTO GEMELAR CESARIANA;2
HJK;2019;6;PARTO GEMELAR NORMAL;1
HJK;2019;6;PARTO NORMAL;128
HJK;2019;7;CESAREAS;65
HJK;2019;7;CIRURGIA GINECOLÓGICA;38
HJK;2019;7;CURETAGEM;14
HJK;2019;7;FORCEPS CESAREA;2
HJK;2019;7;FORCEPS NORMAL;2
HJK;2019;7;PARTO GEMELAR CESARIANA;3
HJK;2019;7;PARTO NORMAL;130
HJK;2019;8;CESAREAS;75
HJK;2019;8;CIRURGIA GINECOLÓGICA;42
HJK;2019;8;CURETAGEM;16
HJK;2019;8;FORCEPS NORMAL;2
HJK;2019;8;PARTO NORMAL;130
HJK;2019;9;CESAREAS;69
HJK;2019;9;CIRURGIA GINECOLÓGICA;36
HJK;2019;9;CURETAGEM;21
HJK;2019;9;FORCEPS CESAREA;1
HJK;2019;9;FORCEPS NORMAL;1
HJK;2019;9;PARTO NORMAL;124
HJK;2019;10;CESAREAS;54
HJK;2019;10;CIRURGIA GINECOLÓGICA;26
HJK;2019;10;CURETAGEM;19
HJK;2019;10;FORCEPS CESAREA;2
HJK;2019;10;FORCEPS NORMAL;1
HJK;2019;10;PARTO GEMELAR CESARIANA;2
HJK;2019;10;PARTO NORMAL;121
HJK;2019;11;CESAREAS;65
HJK;2019;11;CIRURGIA GINECOLÓGICA;21
HJK;2019;11;CURETAGEM;21
HJK;2019;11;FORCEPS NORMAL;1
HJK;2019;11;PARTO GEMELAR CESARIANA;4
HJK;2019;11;PARTO GEMELAR NORMAL;1
HJK;2019;11;PARTO NORMAL;146
HJK;2019;12;CESAREAS;65
HJK;2019;12;CIRURGIA GINECOLÓGICA;37
HJK;2019;12;CURETAGEM;12
HJK;2019;12;FORCEPS CESAREA;1
HJK;2019;12;FORCEPS NORMAL;3
HJK;2019;12;PARTO NORMAL;120
HJK;2020;1;CESAREAS;65
HJK;2020;1;CIRURGIA GINECOLÓGICA;25
HJK;2020;1;CURETAGEM;16
HJK;2020;1;FORCEPS CESAREA;2
HJK;2020;1;PARTO GEMELAR CESARIANA;3
HJK;2020;1;PARTO NORMAL;134
HJK;2020;2;CESAREAS;58
HJK;2020;2;CIRURGIA GINECOLÓGICA;29
HJK;2020;2;CURETAGEM;13
HJK;2020;2;FORCEPS NORMAL;1
HJK;2020;2;PARTO GEMELAR CESARIANA;1
HJK;2020;2;PARTO NORMAL;131
HJK;2020;3;CESAREAS;73
HJK;2020;3;CIRURGIA GINECOLÓGICA;12
HJK;2020;3;CURETAGEM;17
HJK;2020;3;FORCEPS NORMAL;2
HJK;2020;3;PARTO NORMAL;141
HJK;2020;4;CESAREAS;58
HJK;2020;4;CIRURGIA GINECOLÓGICA;8
HJK;2020;4;CURETAGEM;10
HJK;2020;4;FORCEPS NORMAL;2
HJK;2020;4;PARTO GEMELAR CESARIANA;1
HJK;2020;4;PARTO NORMAL;106
HJK;2020;5;CESAREAS;63
HJK;2020;5;CIRURGIA GINECOLÓGICA;15
HJK;2020;5;CURETAGEM;15
HJK;2020;5;FORCEPS NORMAL;3
HJK;2020;5;PARTO GEMELAR NORMAL;4
HJK;2020;5;PARTO NORMAL;126
HJK;2020;6;CESAREAS;55
HJK;2020;6;CIRURGIA GINECOLÓGICA;12
HJK;2020;6;CURETAGEM;15
HJK;2020;6;FORCEPS NORMAL;1
HJK;2020;6;PARTO GEMELAR CESARIANA;4
HJK;2020;6;PARTO GEMELAR NORMAL;1
HJK;2020;6;PARTO NORMAL;101
HJK;2020;7;CESAREAS;57
HJK;2020;7;CIRURGIA GINECOLÓGICA;16
HJK;2020;7;CURETAGEM;14
HJK;2020;7;FORCEPS NORMAL;1
HJK;2020;7;PARTO GEMELAR CESARIANA;1
HJK;2020;7;PARTO GEMELAR NORMAL;1
HJK;2020;7;PARTO NORMAL;114
HJK;2020;8;CESAREAS;64
HJK;2020;8;CIRURGIA GINECOLÓGICA;20
HJK;2020;8;CURETAGEM;9
HJK;2020;8;FORCEPS NORMAL;1
HJK;2020;8;PARTO GEMELAR CESARIANA;2
HJK;2020;8;PARTO NORMAL;99
HJK;2020;9;CESAREAS;62
HJK;2020;9;CIRURGIA GINECOLÓGICA;7
HJK;2020;9;CURETAGEM;28
HJK;2020;9;FORCEPS NORMAL;3
HJK;2020;9;PARTO GEMELAR CESARIANA;1
HJK;2020;9;PARTO NORMAL;102
HJK;2020;10;CESAREAS;60
HJK;2020;10;CIRURGIA GINECOLÓGICA;19
HJK;2020;10;CURETAGEM;27
HJK;2020;10;FORCEPS NORMAL;1
HJK;2020;10;PARTO GEMELAR CESARIANA;3
HJK;2020;10;PARTO NORMAL;125
HJK;2020;11;CESAREAS;46
HJK;2020;11;CIRURGIA GINECOLÓGICA;9
HJK;2020;11;CURETAGEM;17
HJK;2020;11;PARTO NORMAL;127
HJK;2020;12;CESAREAS;59
HJK;2020;12;CIRURGIA GINECOLÓGICA;10
HJK;2020;12;CURETAGEM;18
HJK;2020;12;PARTO GEMELAR CESARIANA;2
HJK;2020;12;PARTO GEMELAR NORMAL;1
HJK;2020;12;PARTO NORMAL;126
HJK;2021;1;CESAREAS;67
HJK;2021;1;CIRURGIA GINECOLÓGICA;14
HJK;2021;1;CURETAGEM;17
HJK;2021;1;FORCEPS NORMAL;2
HJK;2021;1;PARTO GEMELAR CESARIANA;3
HJK;2021;1;PARTO NORMAL;96
HJK;2021;2;CESAREAS;62
HJK;2021;2;CIRURGIA GINECOLÓGICA;4
HJK;2021;2;CURETAGEM;14
HJK;2021;2;FORCEPS NORMAL;3
HJK;2021;2;PARTO GEMELAR CESARIANA;2
HJK;2021;2;PARTO NORMAL;103
HJK;2021;3;CESAREAS;55
HJK;2021;3;CIRURGIA GINECOLÓGICA;5
HJK;2021;3;CURETAGEM;12
HJK;2021;3;FORCEPS NORMAL;2
HJK;2021;3;PARTO GEMELAR CESARIANA;3
HJK;2021;3;PARTO NORMAL;125
HJK;2021;4;CESAREAS;33
HJK;2021;4;CIRURGIA GINECOLÓGICA;6
HJK;2021;4;CURETAGEM;10
HJK;2021;4;FORCEPS NORMAL;1
HJK;2021;4;PARTO GEMELAR NORMAL;2
HJK;2021;4;PARTO NORMAL;98
HJK;2021;5;CESAREAS;52
HJK;2021;5;CIRURGIA GINECOLÓGICA;4
HJK;2021;5;CURETAGEM;26
HJK;2021;5;PARTO GEMELAR CESARIANA;2
HJK;2021;5;PARTO NORMAL;100
HJK;2021;6;CESAREAS;48
HJK;2021;6;CIRURGIA GINECOLÓGICA;8
HJK;2021;6;CURETAGEM;8
HJK;2021;6;FORCEPS CESAREA;1
HJK;2021;6;FORCEPS NORMAL;1
HJK;2021;6;PARTO GEMELAR CESARIANA;1
HJK;2021;6;PARTO NORMAL;83
HJK;2021;7;CESAREAS;57
HJK;2021;7;CIRURGIA GINECOLÓGICA;10
HJK;2021;7;CURETAGEM;20
HJK;2021;7;PARTO GEMELAR CESARIANA;1
HJK;2021;7;PARTO NORMAL;116
HJK;2021;8;CESAREAS;55
HJK;2021;8;CIRURGIA GINECOLÓGICA;7
HJK;2021;8;CURETAGEM;11
HJK;2021;8;FORCEPS NORMAL;1
HJK;2021;8;PARTO GEMELAR CESARIANA;2
HJK;2021;8;PARTO GEMELAR NORMAL;2
HJK;2021;8;PARTO NORMAL;122
HJK;2021;9;CESAREAS;50
HJK;2021;9;CIRURGIA GINECOLÓGICA;12
HJK;2021;9;CURETAGEM;14
HJK;2021;9;FORCEPS NORMAL;1
HJK;2021;9;PARTO GEMELAR CESARIANA;1
HJK;2021;9;PARTO NORMAL;99
HJK;2021;10;CESAREAS;58
HJK;2021;10;CIRURGIA GINECOLÓGICA;10
HJK;2021;10;CURETAGEM;6
HJK;2021;10;FORCEPS NORMAL;2
HJK;2021;10;PARTO GEMELAR CESARIANA;2
HJK;2021;10;PARTO NORMAL;112
HJK;2021;11;CESAREAS;51
HJK;2021;11;CIRURGIA GINECOLÓGICA;10
HJK;2021;11;CURETAGEM;12
HJK;2021;11;PARTO NORMAL;120
HJK;2021;12;CESAREAS;56
HJK;2021;12;CIRURGIA GINECOLÓGICA;8
HJK;2021;12;CURETAGEM;10
HJK;2021;12;FORCEPS NORMAL;5
HJK;2021;12;PARTO GEMELAR CESARIANA;1
HJK;2021;12;PARTO GEMELAR NORMAL;2
HJK;2021;12;PARTO NORMAL;101
HJK;2022;1;CESAREAS;71
HJK;2022;1;CIRURGIA GINECOLÓGICA;5
HJK;2022;1;CURETAGEM;21
HJK;2022;1;FORCEPS CESAREA;1
HJK;2022;1;PARTO GEMELAR CESARIANA;1
HJK;2022;1;PARTO NORMAL;100
HJK;2022;2;CESAREAS;55
HJK;2022;2;CIRURGIA GINECOLÓGICA;4
HJK;2022;2;CURETAGEM;14
HJK;2022;2;FORCEPS NORMAL;3
HJK;2022;2;PARTO NORMAL;84
HJK;2022;3;CESAREAS;49
HJK;2022;3;CIRURGIA GINECOLÓGICA;11
HJK;2022;3;CURETAGEM;18
HJK;2022;3;FORCEPS NORMAL;3
HJK;2022;3;PARTO GEMELAR CESARIANA;2
HJK;2022;3;PARTO NORMAL;120
HJK;2022;4;CESAREAS;65
HJK;2022;4;CIRURGIA GINECOLÓGICA;5
HJK;2022;4;CURETAGEM;9
HJK;2022;4;FORCEPS NORMAL;4
HJK;2022;4;PARTO NORMAL;117
HJK;2022;5;CESAREAS;49
HJK;2022;5;CIRURGIA GINECOLÓGICA;49
HJK;2022;5;CURETAGEM;14
HJK;2022;5;FORCEPS NORMAL;1
HJK;2022;5;PARTO NORMAL;109
HJK;2022;6;CESAREAS;57
HJK;2022;6;CIRURGIA GINECOLÓGICA;31
HJK;2022;6;CURETAGEM;20
HJK;2022;6;FORCEPS NORMAL;1
HJK;2022;6;PARTO NORMAL;102
HJK;2022;7;CESAREAS;52
HJK;2022;7;CIRURGIA GINECOLÓGICA;14
HJK;2022;7;CURETAGEM;15
HJK;2022;7;FORCEPS NORMAL;1
HJK;2022;7;PARTO GEMELAR CESARIANA;2
HJK;2022;7;PARTO NORMAL;93
HJK;2022;8;CESAREAS;43
HJK;2022;8;CIRURGIA GINECOLÓGICA;16
HJK;2022;8;CURETAGEM;12
HJK;2022;8;FORCEPS NORMAL;4
HJK;2022;8;PARTO NORMAL;111
HJK;2022;9;CESAREAS;60
HJK;2022;9;CIRURGIA GINECOLÓGICA;9
HJK;2022;9;CURETAGEM;20
HJK;2022;9;PARTO GEMELAR CESARIANA;2
HJK;2022;9;PARTO NORMAL;110
HJK;2022;10;CESAREAS;46
HJK;2022;10;CIRURGIA GINECOLÓGICA;17
HJK;2022;10;CURETAGEM;15
HJK;2022;10;PARTO GEMELAR CESARIANA;1
HJK;2022;10;PARTO NORMAL;90
HJK;2022;11;CESAREAS;49
HJK;2022;11;CIRURGIA GINECOLÓGICA;16
HJK;2022;11;CURETAGEM;12
HJK;2022;11;PARTO NORMAL;81
HJK;2022;12;CESAREAS;66
HJK;2022;12;CIRURGIA GINECOLÓGICA;4
HJK;2022;12;CURETAGEM;15
HJK;2022;12;PARTO GEMELAR CESARIANA;3
HJK;2022;12;PARTO NORMAL;95
HJK;2023;1;CESAREAS;48
HJK;2023;1;CIRURGIA GINECOLÓGICA;9
HJK;2023;1;CURETAGEM;21
HJK;2023;1;FORCEPS NORMAL;1
HJK;2023;1;PARTO GEMELAR CESARIANA;1
HJK;2023;1;PARTO GEMELAR NORMAL;1
HJK;2023;1;PARTO NORMAL;75
HJK;2023;2;CESAREAS;56
HJK;2023;2;CIRURGIA GINECOLÓGICA;3
HJK;2023;2;CURETAGEM;9
HJK;2023;2;PARTO GEMELAR CESARIANA;1
HJK;2023;2;PARTO GEMELAR NORMAL;1
HJK;2023;2;PARTO NORMAL;84
HJK;2023;3;CESAREAS;62
HJK;2023;3;CIRURGIA GINECOLÓGICA;16
HJK;2023;3;CURETAGEM;10
HJK;2023;3;PARTO GEMELAR CESARIANA;4
HJK;2023;3;PARTO GEMELAR NORMAL;2
HJK;2023;3;PARTO NORMAL;91
HJK;2023;4;CESAREAS;45
HJK;2023;4;CIRURGIA GINECOLÓGICA;5
HJK;2023;4;CURETAGEM;15
HJK;2023;4;PARTO NORMAL;103
HJK;2023;5;CESAREAS;58
HJK;2023;5;CIRURGIA GINECOLÓGICA;1
HJK;2023;5;CURETAGEM;14
HJK;2023;5;PARTO GEMELAR CESARIANA;1
HJK;2023;5;PARTO NORMAL;107
HJK;2023;6;CESAREAS;55
HJK;2023;6;CIRURGIA GINECOLÓGICA;3
HJK;2023;6;CURETAGEM;16
HJK;2023;6;PARTO GEMELAR CESARIANA;2
HJK;2023;6;PARTO NORMAL;102
HJK;2023;7;CESAREAS;59
HJK;2023;7;CIRURGIA GINECOLÓGICA;12
HJK;2023;7;CURETAGEM;16
HJK;2023;7;PARTO GEMELAR CESARIANA;2
HJK;2023;7;PARTO NORMAL;101
HJK;2023;8;CESAREAS;70
HJK;2023;8;CIRURGIA GINECOLÓGICA;12
HJK;2023;8;CURETAGEM;17
HJK;2023;8;PARTO GEMELAR CESARIANA;2
HJK;2023;8;PARTO NORMAL;102
HJK;2023;9;CESAREAS;71
HJK;2023;9;CIRURGIA GINECOLÓGICA;8
HJK;2023;9;CURETAGEM;22
HJK;2023;9;PARTO GEMELAR CESARIANA;3
HJK;2023;9;PARTO NORMAL;94
HJK;2023;10;CESAREAS;39
HJK;2023;10;CIRURGIA GINECOLÓGICA;10
HJK;2023;10;CURETAGEM;14
HJK;2023;10;FORCEPS NORMAL;3
HJK;2023;10;PARTO GEMELAR NORMAL;1
HJK;2023;10;PARTO NORMAL;82
HJK;2023;11;CESAREAS;55
HJK;2023;11;CIRURGIA GINECOLÓGICA;11
HJK;2023;11;CURETAGEM;5
HJK;2023;11;PARTO NORMAL;106
HJK;2023;12;CESAREAS;44
HJK;2023;12;CIRURGIA GINECOLÓGICA;23
HJK;2023;12;CURETAGEM;8
HJK;2023;12;PARTO GEMELAR NORMAL;1
HJK;2023;12;PARTO NORMAL;92
HJK;2024;1;CESAREAS;65
HJK;2024;1;CIRURGIA GINECOLÓGICA;7
HJK;2024;1;CURETAGEM;16
HJK;2024;1;PARTO GEMELAR CESARIANA;1
HJK;2024;1;PARTO NORMAL;113
HJK;2024;2;CESAREAS;65
HJK;2024;2;CIRURGIA GINECOLÓGICA;12
HJK;2024;2;CURETAGEM;6
HJK;2024;2;PARTO GEMELAR CESARIANA;1
HJK;2024;2;PARTO NORMAL;107
HJK;2024;3;CESAREAS;54
HJK;2024;3;CIRURGIA GINECOLÓGICA;12
HJK;2024;3;CURETAGEM;6
HJK;2024;3;PARTO GEMELAR CESARIANA;3
HJK;2024;3;PARTO GEMELAR NORMAL;1
HJK;2024;3;PARTO NORMAL;117
HJK;2024;4;CESAREAS;59
HJK;2024;4;CIRURGIA GINECOLÓGICA;12
HJK;2024;4;CURETAGEM;3
HJK;2024;4;PARTO GEMELAR CESARIANA;6
HJK;2024;4;PARTO NORMAL;93
HJK;2024;5;CESAREAS;73
HJK;2024;5;CIRURGIA GINECOLÓGICA;16
HJK;2024;5;CURETAGEM;11
HJK;2024;5;PARTO GEMELAR CESARIANA;2
HJK;2024;5;PARTO NORMAL;93
HJK;2024;6;CESAREAS;45
HJK;2024;6;CIRURGIA GINECOLÓGICA;13
HJK;2024;6;CURETAGEM;6
HJK;2024;6;PARTO NORMAL;98
HJK;2024;7;CESAREAS;68
HJK;2024;7;CIRURGIA GINECOLÓGICA;8
HJK;2024;7;CURETAGEM;12
HJK;2024;7;FORCEPS NORMAL;2
HJK;2024;7;PARTO GEMELAR NORMAL;1
HJK;2024;7;PARTO NORMAL;102
HJK;2024;8;CESAREAS;66
HJK;2024;8;CIRURGIA GINECOLÓGICA;8
HJK;2024;8;CURETAGEM;20
HJK;2024;8;PARTO GEMELAR CESARIANA;3
HJK;2024;8;PARTO NORMAL;100
HJK;2024;9;CESAREAS;60
HJK;2024;9;CIRURGIA GINECOLÓGICA;34
HJK;2024;9;CURETAGEM;17
HJK;2024;9;FORCEPS NORMAL;4
HJK;2024;9;PARTO NORMAL;86
HJK;2024;10;CESAREAS;55
HJK;2024;10;CIRURGIA GINECOLÓGICA;5
HJK;2024;10;CURETAGEM;12
HJK;2024;10;FORCEPS NORMAL;3
HJK;2024;10;PARTO GEMELAR CESARIANA;1
HJK;2024;10;PARTO GEMELAR NORMAL;1
HJK;2024;10;PARTO NORMAL;95
HJK;2024;11;CESAREAS;49
HJK;2024;11;CIRURGIA GINECOLÓGICA;29
HJK;2024;11;CURETAGEM;13
HJK;2024;11;PARTO GEMELAR CESARIANA;1
HJK;2024;11;PARTO NORMAL;97
HJK;2024;12;CESAREAS;72
HJK;2024;12;CIRURGIA GINECOLÓGICA;7
HJK;2024;12;CURETAGEM;18
HJK;2024;12;FORCEPS CESAREA;1
HJK;2024;12;FORCEPS NORMAL;2
HJK;2024;12;PARTO GEMELAR CESARIANA;3
HJK;2024;12;PARTO GEMELAR NORMAL;1
HJK;2024;12;PARTO NORMAL;96
HJK;2025;1;CESAREAS;67
HJK;2025;1;CIRURGIA GINECOLÓGICA;16
HJK;2025;1;CURETAGEM;14
HJK;2025;1;PARTO GEMELAR CESARIANA;2
HJK;2025;1;PARTO GEMELAR NORMAL;1
HJK;2025;1;PARTO NORMAL;129
HJK;2025;2;CESAREAS;45
HJK;2025;2;CIRURGIA GINECOLÓGICA;31
HJK;2025;2;CURETAGEM;17
HJK;2025;2;FORCEPS NORMAL;2
HJK;2025;2;PARTO GEMELAR CESARIANA;3
HJK;2025;2;PARTO NORMAL;111
HJK;2025;3;CESAREAS;36
HJK;2025;3;CIRURGIA GINECOLÓGICA;22
HJK;2025;3;PARTO GEMELAR CESARIANA;1
HJK;2025;3;PARTO NORMAL;87
HJK;2025;4;CESAREAS;48
HJK;2025;4;CIRURGIA GINECOLÓGICA;37
HJK;2025;4;CURETAGEM;5
HJK;2025;4;PARTO GEMELAR CESARIANA;1
HJK;2025;4;PARTO NORMAL;78
HJK;2025;5;CESAREAS;74
HJK;2025;5;CIRURGIA GINECOLÓGICA;39
HJK;2025;5;CURETAGEM;7
HJK;2025;5;FORCEPS CESAREA;1
HJK;2025;5;PARTO GEMELAR CESARIANA;2
HJK;2025;5;PARTO NORMAL;127
HJK;2025;6;CESAREAS;64
HJK;2025;6;CIRURGIA GINECOLÓGICA;81
HJK;2025;6;CURETAGEM;6
HJK;2025;6;PARTO GEMELAR CESARIANA;1
HJK;2025;6;PARTO NORMAL;130
HJK;2025;7;CESAREAS;82
HJK;2025;7;CIRURGIA GINECOLÓGICA;54
HJK;2025;7;CURETAGEM;6
HJK;2025;7;PARTO GEMELAR CESARIANA;2
HJK;2025;7;PARTO GEMELAR NORMAL;1
HJK;2025;7;PARTO NORMAL;126
HJK;2025;8;CESAREAS;75
HJK;2025;8;CIRURGIA GINECOLÓGICA;22
HJK;2025;8;CURETAGEM;7
HJK;2025;8;PARTO GEMELAR CESARIANA;3
HJK;2025;8;PARTO NORMAL;92
HJK;2025;9;CESAREAS;57
HJK;2025;9;CIRURGIA GINECOLÓGICA;31
HJK;2025;9;CURETAGEM;2
HJK;2025;9;PARTO GEMELAR CESARIANA;1
HJK;2025;9;PARTO NORMAL;118
HJK;2025;10;CESAREAS;70
HJK;2025;10;CIRURGIA GINECOLÓGICA;58
HJK;2025;10;CURETAGEM;7
HJK;2025;10;PARTO GEMELAR CESARIANA;1
HJK;2025;10;PARTO NORMAL;105
HJK;2025;11;CESAREAS;43
HJK;2025;11;CIRURGIA GINECOLÓGICA;57
HJK;2025;11;CURETAGEM;48
HJK;2025;11;PARTO GEMELAR CESARIANA;2
HJK;2025;11;PARTO NORMAL;92
HJK;2025;12;CESAREAS;61
HJK;2025;12;CIRURGIA GINECOLÓGICA;59
HJK;2025;12;CURETAGEM;69
HJK;2025;12;PARTO GEMELAR CESARIANA;4
HJK;2025;12;PARTO GEMELAR NORMAL;4
HJK;2025;12;PARTO NORMAL;93
HJK;2026;1;CESAREAS;54
HJK;2026;1;CIRURGIA GINECOLÓGICA;62
HJK;2026;1;CURETAGEM;5
HJK;2026;1;PARTO GEMELAR CESARIANA;1
HJK;2026;1;PARTO GEMELAR NORMAL;1
HJK;2026;1;PARTO NORMAL;98
HJK;2026;2;CESAREAS;12
HJK;2026;2;CIRURGIA GINECOLÓGICA;32
HJK;2026;2;COLPOPERINEOPLASTIA ANTERIOR E POSTERIOR;1
HJK;2026;2;COLPOPLASTIA ANTERIOR;1
HJK;2026;2;CURETAGEM;12
HJK;2026;2;CURETAGEM SEMIOTICA C/ OU S/ DILATACAO DO COLO DO UTERO;2
HJK;2026;2;EXCISÃO TIPO 3 DO COLO UTERINO;1
HJK;2026;2;HISTERECTOMIA C/ ANEXECTOMIA (UNI / BILATERAL);2
HJK;2026;2;LAQUEADURA TUBÁRIA NA MESMA INTERNAÇÃO DE PARTO NORMAL;1
HJK;2026;2;OOFORECTOMIA / OOFOROPLASTIA;1
HJK;2026;2;OPERAÇÃO CESARIANA;6
HJK;2026;2;OPERAÇÃO CESARIANA COM LAQUEADURA TUBARIA;1
HJK;2026;2;PARTO GEMELAR CESARIANA;1
HJK;2026;2;PARTO NORMAL;9
HJK;2026;2;PARTO NORMAL;50
HJK;2026;3;CERCLAGEM DE COLO DO UTERO;2
HJK;2026;3;COLPOPLASTIA ANTERIOR;1
HJK;2026;3;ESVAZIAMENTO DE UTERO POS-ABORTO POR ASPIRACAO MANUAL INTRA-UTERINA (AMIU);9
HJK;2026;3;HISTERECTOMIA (POR VIA VAGINAL);1
HJK;2026;3;HISTERECTOMIA C/ ANEXECTOMIA (UNI / BILATERAL);1
HJK;2026;3;HISTERECTOMIA TOTAL;1
HJK;2026;3;HISTERECTOMIA VIDEOLAPAROSCOPICA;1
HJK;2026;3;HISTEROSCOPIA CIRURGICA C/ RESSECTOSCOPIO;2
HJK;2026;3;LAQUEADURA TUBARIA;5
HJK;2026;3;LAQUEADURA TUBÁRIA NA MESMA INTERNAÇÃO DE PARTO NORMAL;7
HJK;2026;3;MIOMECTOMIA VIDEOLAPAROSCOPICA;1
HJK;2026;3;OOFORECTOMIA / OOFOROPLASTIA;1
HJK;2026;3;OPERAÇÃO CESARIANA;41
HJK;2026;3;OPERAÇÃO CESARIANA COM LAQUEADURA TUBARIA;8
HJK;2026;3;OPERAÇÃO CESARIANA EM GESTAÇÃO DE ALTO RISCO;9
HJK;2026;3;PARTO NORMAL;92
HJK;2026;3;PARTO NORMAL EM CENTRO DE PARTO NORMAL (CPN);1
HJK;2026;3;PARTO NORMAL EM GESTAÇÃO DE ALTO RISCO;8
HJK;2026;3;SALPINGECTOMIA UNI / BILATERAL;2
HJK;2026;3;SALPINGOPLASTIA VIDEOLAPAROSCOPICA;1
HRAD;2019;1;CESAREAS;68
HRAD;2019;1;CIRURGIA GINECOLÓGICA;60
HRAD;2019;1;CURETAGEM;8
HRAD;2019;1;PARTO GEMELAR CESARIANA;4
HRAD;2019;1;PARTO NORMAL;62
HRAD;2019;2;CESAREAS;62
HRAD;2019;2;CIRURGIA GINECOLÓGICA;73
HRAD;2019;2;CURETAGEM;12
HRAD;2019;2;PARTO GEMELAR CESARIANA;1
HRAD;2019;2;PARTO GEMELAR NORMAL;1
HRAD;2019;2;PARTO NORMAL;58
HRAD;2019;3;CESAREAS;66
HRAD;2019;3;CIRURGIA GINECOLÓGICA;67
HRAD;2019;3;CURETAGEM;15
HRAD;2019;3;FORCEPS NORMAL;4
HRAD;2019;3;PARTO GEMELAR CESARIANA;6
HRAD;2019;3;PARTO GEMELAR NORMAL;2
HRAD;2019;3;PARTO NORMAL;48
HRAD;2019;4;CESAREAS;53
HRAD;2019;4;CIRURGIA GINECOLÓGICA;41
HRAD;2019;4;CURETAGEM;10
HRAD;2019;4;PARTO GEMELAR CESARIANA;1
HRAD;2019;4;PARTO NORMAL;43
HRAD;2019;5;CESAREAS;49
HRAD;2019;5;CIRURGIA GINECOLÓGICA;74
HRAD;2019;5;CURETAGEM;6
HRAD;2019;5;FORCEPS NORMAL;2
HRAD;2019;5;PARTO NORMAL;54
HRAD;2019;6;CESAREAS;63
HRAD;2019;6;CIRURGIA GINECOLÓGICA;41
HRAD;2019;6;CURETAGEM;13
HRAD;2019;6;FORCEPS CESAREA;2
HRAD;2019;6;FORCEPS NORMAL;3
HRAD;2019;6;PARTO GEMELAR CESARIANA;4
HRAD;2019;6;PARTO NORMAL;45
HRAD;2019;7;CESAREAS;70
HRAD;2019;7;CIRURGIA GINECOLÓGICA;54
HRAD;2019;7;CURETAGEM;8
HRAD;2019;7;FORCEPS NORMAL;2
HRAD;2019;7;PARTO GEMELAR CESARIANA;4
HRAD;2019;7;PARTO NORMAL;57
HRAD;2019;8;CESAREAS;49
HRAD;2019;8;CIRURGIA GINECOLÓGICA;56
HRAD;2019;8;CURETAGEM;17
HRAD;2019;8;PARTO GEMELAR CESARIANA;2
HRAD;2019;8;PARTO GEMELAR NORMAL;1
HRAD;2019;8;PARTO NORMAL;41
HRAD;2019;9;CESAREAS;46
HRAD;2019;9;CIRURGIA GINECOLÓGICA;37
HRAD;2019;9;CURETAGEM;12
HRAD;2019;9;FORCEPS NORMAL;1
HRAD;2019;9;PARTO GEMELAR CESARIANA;2
HRAD;2019;9;PARTO NORMAL;36
HRAD;2019;10;CESAREAS;54
HRAD;2019;10;CIRURGIA GINECOLÓGICA;30
HRAD;2019;10;CURETAGEM;20
HRAD;2019;10;FORCEPS NORMAL;1
HRAD;2019;10;PARTO GEMELAR CESARIANA;3
HRAD;2019;10;PARTO GEMELAR NORMAL;1
HRAD;2019;10;PARTO NORMAL;34
HRAD;2019;11;CESAREAS;44
HRAD;2019;11;CIRURGIA GINECOLÓGICA;58
HRAD;2019;11;CURETAGEM;18
HRAD;2019;11;PARTO GEMELAR CESARIANA;1
HRAD;2019;11;PARTO GEMELAR NORMAL;2
HRAD;2019;11;PARTO NORMAL;40
HRAD;2019;12;CESAREAS;38
HRAD;2019;12;CIRURGIA GINECOLÓGICA;45
HRAD;2019;12;CURETAGEM;13
HRAD;2019;12;FORCEPS NORMAL;4
HRAD;2019;12;PARTO GEMELAR CESARIANA;2
HRAD;2019;12;PARTO NORMAL;56
HRAD;2020;1;CESAREAS;42
HRAD;2020;1;CIRURGIA GINECOLÓGICA;47
HRAD;2020;1;CURETAGEM;15
HRAD;2020;1;PARTO NORMAL;56
HRAD;2020;2;CESAREAS;46
HRAD;2020;2;CIRURGIA GINECOLÓGICA;50
HRAD;2020;2;CURETAGEM;11
HRAD;2020;2;FORCEPS NORMAL;4
HRAD;2020;2;PARTO GEMELAR CESARIANA;2
HRAD;2020;2;PARTO NORMAL;44
HRAD;2020;3;CESAREAS;66
HRAD;2020;3;CIRURGIA GINECOLÓGICA;46
HRAD;2020;3;CURETAGEM;12
HRAD;2020;3;FORCEPS NORMAL;2
HRAD;2020;3;PARTO GEMELAR CESARIANA;4
HRAD;2020;3;PARTO NORMAL;48
HRAD;2020;4;CESAREAS;58
HRAD;2020;4;CIRURGIA GINECOLÓGICA;45
HRAD;2020;4;CURETAGEM;11
HRAD;2020;4;FORCEPS CESAREA;1
HRAD;2020;4;FORCEPS NORMAL;2
HRAD;2020;4;PARTO GEMELAR NORMAL;1
HRAD;2020;4;PARTO NORMAL;62
HRAD;2020;5;CESAREAS;70
HRAD;2020;5;CIRURGIA GINECOLÓGICA;54
HRAD;2020;5;CURETAGEM;13
HRAD;2020;5;FORCEPS NORMAL;2
HRAD;2020;5;PARTO GEMELAR CESARIANA;2
HRAD;2020;5;PARTO NORMAL;53
HRAD;2020;6;CESAREAS;56
HRAD;2020;6;CIRURGIA GINECOLÓGICA;41
HRAD;2020;6;CURETAGEM;12
HRAD;2020;6;FORCEPS NORMAL;3
HRAD;2020;6;PARTO GEMELAR CESARIANA;2
HRAD;2020;6;PARTO GEMELAR NORMAL;1
HRAD;2020;6;PARTO NORMAL;50
HRAD;2020;7;CESAREAS;66
HRAD;2020;7;CIRURGIA GINECOLÓGICA;30
HRAD;2020;7;CURETAGEM;14
HRAD;2020;7;FORCEPS NORMAL;3
HRAD;2020;7;PARTO NORMAL;84
HRAD;2020;8;CESAREAS;46
HRAD;2020;8;CIRURGIA GINECOLÓGICA;42
HRAD;2020;8;CURETAGEM;12
HRAD;2020;8;FORCEPS NORMAL;1
HRAD;2020;8;PARTO GEMELAR CESARIANA;1
HRAD;2020;8;PARTO NORMAL;46
HRAD;2020;9;CESAREAS;48
HRAD;2020;9;CIRURGIA GINECOLÓGICA;34
HRAD;2020;9;CURETAGEM;15
HRAD;2020;9;PARTO GEMELAR CESARIANA;2
HRAD;2020;9;PARTO GEMELAR NORMAL;2
HRAD;2020;9;PARTO NORMAL;52
HRAD;2020;10;CESAREAS;59
HRAD;2020;10;CIRURGIA GINECOLÓGICA;35
HRAD;2020;10;CURETAGEM;18
HRAD;2020;10;PARTO GEMELAR CESARIANA;3
HRAD;2020;10;PARTO GEMELAR NORMAL;1
HRAD;2020;10;PARTO NORMAL;47
HRAD;2020;11;CESAREAS;43
HRAD;2020;11;CIRURGIA GINECOLÓGICA;45
HRAD;2020;11;CURETAGEM;13
HRAD;2020;11;PARTO GEMELAR CESARIANA;2
HRAD;2020;11;PARTO NORMAL;47
HRAD;2020;12;CESAREAS;43
HRAD;2020;12;CIRURGIA GINECOLÓGICA;14
HRAD;2020;12;CURETAGEM;12
HRAD;2020;12;PARTO GEMELAR CESARIANA;3
HRAD;2020;12;PARTO NORMAL;56
HRAD;2021;1;CESAREAS;45
HRAD;2021;1;CIRURGIA GINECOLÓGICA;34
HRAD;2021;1;CURETAGEM;13
HRAD;2021;1;PARTO GEMELAR CESARIANA;5
HRAD;2021;1;PARTO GEMELAR NORMAL;2
HRAD;2021;1;PARTO NORMAL;59
HRAD;2021;2;CESAREAS;62
HRAD;2021;2;CIRURGIA GINECOLÓGICA;36
HRAD;2021;2;CURETAGEM;9
HRAD;2021;2;FORCEPS CESAREA;1
HRAD;2021;2;FORCEPS NORMAL;3
HRAD;2021;2;PARTO GEMELAR CESARIANA;7
HRAD;2021;2;PARTO GEMELAR NORMAL;2
HRAD;2021;2;PARTO NORMAL;64
HRAD;2021;3;CESAREAS;53
HRAD;2021;3;CIRURGIA GINECOLÓGICA;39
HRAD;2021;3;CURETAGEM;7
HRAD;2021;3;FORCEPS NORMAL;2
HRAD;2021;3;PARTO GEMELAR CESARIANA;2
HRAD;2021;3;PARTO NORMAL;66
HRAD;2021;4;CESAREAS;57
HRAD;2021;4;CIRURGIA GINECOLÓGICA;12
HRAD;2021;4;CURETAGEM;4
HRAD;2021;4;FORCEPS NORMAL;1
HRAD;2021;4;PARTO GEMELAR CESARIANA;3
HRAD;2021;4;PARTO NORMAL;62
HRAD;2021;5;CESAREAS;61
HRAD;2021;5;CIRURGIA GINECOLÓGICA;17
HRAD;2021;5;CURETAGEM;10
HRAD;2021;5;FORCEPS NORMAL;1
HRAD;2021;5;PARTO GEMELAR CESARIANA;2
HRAD;2021;5;PARTO NORMAL;51
HRAD;2021;6;CESAREAS;62
HRAD;2021;6;CIRURGIA GINECOLÓGICA;28
HRAD;2021;6;CURETAGEM;8
HRAD;2021;6;FORCEPS NORMAL;1
HRAD;2021;6;PARTO GEMELAR CESARIANA;4
HRAD;2021;6;PARTO NORMAL;65
HRAD;2021;7;CESAREAS;67
HRAD;2021;7;CIRURGIA GINECOLÓGICA;26
HRAD;2021;7;CURETAGEM;7
HRAD;2021;7;FORCEPS NORMAL;2
HRAD;2021;7;PARTO GEMELAR CESARIANA;2
HRAD;2021;7;PARTO NORMAL;64
HRAD;2021;8;CESAREAS;61
HRAD;2021;8;CIRURGIA GINECOLÓGICA;22
HRAD;2021;8;CURETAGEM;13
HRAD;2021;8;FORCEPS NORMAL;3
HRAD;2021;8;PARTO GEMELAR CESARIANA;2
HRAD;2021;8;PARTO GEMELAR NORMAL;2
HRAD;2021;8;PARTO NORMAL;66
HRAD;2021;9;CESAREAS;60
HRAD;2021;9;CIRURGIA GINECOLÓGICA;28
HRAD;2021;9;CURETAGEM;15
HRAD;2021;9;PARTO GEMELAR CESARIANA;3
HRAD;2021;9;PARTO NORMAL;52
HRAD;2021;10;CESAREAS;43
HRAD;2021;10;CIRURGIA GINECOLÓGICA;36
HRAD;2021;10;CURETAGEM;11
HRAD;2021;10;PARTO GEMELAR CESARIANA;2
HRAD;2021;10;PARTO GEMELAR NORMAL;2
HRAD;2021;10;PARTO NORMAL;66
HRAD;2021;11;CESAREAS;41
HRAD;2021;11;CIRURGIA GINECOLÓGICA;31
HRAD;2021;11;CURETAGEM;8
HRAD;2021;11;FORCEPS NORMAL;2
HRAD;2021;11;PARTO GEMELAR CESARIANA;5
HRAD;2021;11;PARTO GEMELAR NORMAL;4
HRAD;2021;11;PARTO NORMAL;54
HRAD;2021;12;CESAREAS;56
HRAD;2021;12;CIRURGIA GINECOLÓGICA;35
HRAD;2021;12;CURETAGEM;11
HRAD;2021;12;FORCEPS NORMAL;2
HRAD;2021;12;PARTO GEMELAR CESARIANA;6
HRAD;2021;12;PARTO GEMELAR NORMAL;2
HRAD;2021;12;PARTO NORMAL;58
HRAD;2022;1;CESAREAS;63
HRAD;2022;1;CIRURGIA GINECOLÓGICA;15
HRAD;2022;1;CURETAGEM;9
HRAD;2022;1;FORCEPS NORMAL;1
HRAD;2022;1;PARTO GEMELAR CESARIANA;4
HRAD;2022;1;PARTO GEMELAR NORMAL;2
HRAD;2022;1;PARTO NORMAL;45
HRAD;2022;2;CESAREAS;65
HRAD;2022;2;CIRURGIA GINECOLÓGICA;43
HRAD;2022;2;CURETAGEM;6
HRAD;2022;2;PARTO GEMELAR CESARIANA;1
HRAD;2022;2;PARTO GEMELAR NORMAL;2
HRAD;2022;2;PARTO NORMAL;52
HRAD;2022;3;CESAREAS;62
HRAD;2022;3;CIRURGIA GINECOLÓGICA;37
HRAD;2022;3;CURETAGEM;12
HRAD;2022;3;FORCEPS CESAREA;1
HRAD;2022;3;FORCEPS NORMAL;1
HRAD;2022;3;PARTO GEMELAR CESARIANA;6
HRAD;2022;3;PARTO NORMAL;56
HRAD;2022;4;CESAREAS;48
HRAD;2022;4;CIRURGIA GINECOLÓGICA;49
HRAD;2022;4;CURETAGEM;10
HRAD;2022;4;FORCEPS CESAREA;2
HRAD;2022;4;PARTO GEMELAR CESARIANA;2
HRAD;2022;4;PARTO NORMAL;57
HRAD;2022;5;CESAREAS;49
HRAD;2022;5;CIRURGIA GINECOLÓGICA;43
HRAD;2022;5;CURETAGEM;12
HRAD;2022;5;FORCEPS NORMAL;1
HRAD;2022;5;PARTO GEMELAR CESARIANA;3
HRAD;2022;5;PARTO GEMELAR NORMAL;2
HRAD;2022;5;PARTO NORMAL;52
HRAD;2022;6;CESAREAS;50
HRAD;2022;6;CIRURGIA GINECOLÓGICA;29
HRAD;2022;6;CURETAGEM;8
HRAD;2022;6;PARTO GEMELAR CESARIANA;4
HRAD;2022;6;PARTO GEMELAR NORMAL;2
HRAD;2022;6;PARTO NORMAL;43
HRAD;2022;7;CESAREAS;39
HRAD;2022;7;CIRURGIA GINECOLÓGICA;31
HRAD;2022;7;CURETAGEM;8
HRAD;2022;7;PARTO GEMELAR NORMAL;2
HRAD;2022;7;PARTO NORMAL;43
HRAD;2022;8;CESAREAS;62
HRAD;2022;8;CIRURGIA GINECOLÓGICA;43
HRAD;2022;8;CURETAGEM;8
HRAD;2022;8;FORCEPS CESAREA;1
HRAD;2022;8;PARTO GEMELAR CESARIANA;6
HRAD;2022;8;PARTO NORMAL;50
HRAD;2022;9;CESAREAS;50
HRAD;2022;9;CIRURGIA GINECOLÓGICA;39
HRAD;2022;9;CURETAGEM;4
HRAD;2022;9;PARTO GEMELAR CESARIANA;4
HRAD;2022;9;PARTO NORMAL;28
HRAD;2022;10;CESAREAS;48
HRAD;2022;10;CIRURGIA GINECOLÓGICA;48
HRAD;2022;10;CURETAGEM;4
HRAD;2022;10;FORCEPS NORMAL;1
HRAD;2022;10;PARTO GEMELAR CESARIANA;4
HRAD;2022;10;PARTO GEMELAR NORMAL;2
HRAD;2022;10;PARTO NORMAL;41
HRAD;2022;11;CESAREAS;61
HRAD;2022;11;CIRURGIA GINECOLÓGICA;45
HRAD;2022;11;CURETAGEM;5
HRAD;2022;11;FORCEPS CESAREA;1
HRAD;2022;11;FORCEPS NORMAL;2
HRAD;2022;11;PARTO GEMELAR CESARIANA;10
HRAD;2022;11;PARTO NORMAL;44
HRAD;2022;12;CESAREAS;57
HRAD;2022;12;CIRURGIA GINECOLÓGICA;56
HRAD;2022;12;CURETAGEM;6
HRAD;2022;12;FORCEPS CESAREA;1
HRAD;2022;12;FORCEPS NORMAL;1
HRAD;2022;12;PARTO NORMAL;45
HRAD;2023;1;CESAREAS;56
HRAD;2023;1;CIRURGIA GINECOLÓGICA;50
HRAD;2023;1;CURETAGEM;8
HRAD;2023;1;FORCEPS CESAREA;1
HRAD;2023;1;FORCEPS NORMAL;1
HRAD;2023;1;PARTO GEMELAR CESARIANA;6
HRAD;2023;1;PARTO GEMELAR NORMAL;2
HRAD;2023;1;PARTO NORMAL;63
HRAD;2023;2;CESAREAS;53
HRAD;2023;2;CIRURGIA GINECOLÓGICA;50
HRAD;2023;2;CURETAGEM;6
HRAD;2023;2;FORCEPS NORMAL;1
HRAD;2023;2;PARTO GEMELAR CESARIANA;6
HRAD;2023;2;PARTO NORMAL;41
HRAD;2023;3;CESAREAS;66
HRAD;2023;3;CIRURGIA GINECOLÓGICA;54
HRAD;2023;3;CURETAGEM;11
HRAD;2023;3;PARTO GEMELAR CESARIANA;6
HRAD;2023;3;PARTO NORMAL;43
HRAD;2023;4;CESAREAS;58
HRAD;2023;4;CIRURGIA GINECOLÓGICA;56
HRAD;2023;4;CURETAGEM;7
HRAD;2023;4;FORCEPS NORMAL;3
HRAD;2023;4;PARTO GEMELAR CESARIANA;6
HRAD;2023;4;PARTO NORMAL;52
HRAD;2023;5;CESAREAS;55
HRAD;2023;5;CIRURGIA GINECOLÓGICA;79
HRAD;2023;5;CURETAGEM;4
HRAD;2023;5;PARTO GEMELAR CESARIANA;4
HRAD;2023;5;PARTO GEMELAR NORMAL;2
HRAD;2023;5;PARTO NORMAL;42
HRAD;2023;6;CESAREAS;69
HRAD;2023;6;CIRURGIA GINECOLÓGICA;67
HRAD;2023;6;CURETAGEM;3
HRAD;2023;6;PARTO GEMELAR CESARIANA;4
HRAD;2023;6;PARTO NORMAL;48
HRAD;2023;7;CESAREAS;62
HRAD;2023;7;CIRURGIA GINECOLÓGICA;67
HRAD;2023;7;CURETAGEM;3
HRAD;2023;7;PARTO GEMELAR CESARIANA;2
HRAD;2023;7;PARTO NORMAL;35
HRAD;2023;8;CESAREAS;48
HRAD;2023;8;CIRURGIA GINECOLÓGICA;54
HRAD;2023;8;CURETAGEM;7
HRAD;2023;8;FORCEPS CESAREA;1
HRAD;2023;8;FORCEPS NORMAL;1
HRAD;2023;8;PARTO GEMELAR CESARIANA;8
HRAD;2023;8;PARTO NORMAL;52
HRAD;2023;9;CESAREAS;64
HRAD;2023;9;CIRURGIA GINECOLÓGICA;71
HRAD;2023;9;CURETAGEM;7
HRAD;2023;9;FORCEPS CESAREA;1
HRAD;2023;9;FORCEPS NORMAL;1
HRAD;2023;9;PARTO GEMELAR CESARIANA;4
HRAD;2023;9;PARTO NORMAL;56
HRAD;2023;10;CESAREAS;57
HRAD;2023;10;CIRURGIA GINECOLÓGICA;55
HRAD;2023;10;CURETAGEM;3
HRAD;2023;10;FORCEPS NORMAL;1
HRAD;2023;10;PARTO GEMELAR CESARIANA;2
HRAD;2023;10;PARTO NORMAL;38
HRAD;2023;11;CESAREAS;56
HRAD;2023;11;CIRURGIA GINECOLÓGICA;53
HRAD;2023;11;CURETAGEM;5
HRAD;2023;11;PARTO GEMELAR CESARIANA;2
HRAD;2023;11;PARTO NORMAL;79
HRAD;2023;12;CESAREAS;51
HRAD;2023;12;CIRURGIA GINECOLÓGICA;66
HRAD;2023;12;CURETAGEM;10
HRAD;2023;12;PARTO GEMELAR CESARIANA;2
HRAD;2023;12;PARTO NORMAL;43
HRAD;2024;1;CESAREAS;56
HRAD;2024;1;CIRURGIA GINECOLÓGICA;53
HRAD;2024;1;CURETAGEM;6
HRAD;2024;1;FORCEPS CESAREA;1
HRAD;2024;1;PARTO GEMELAR CESARIANA;2
HRAD;2024;1;PARTO GEMELAR NORMAL;2
HRAD;2024;1;PARTO NORMAL;51
HRAD;2024;2;CESAREAS;53
HRAD;2024;2;CIRURGIA GINECOLÓGICA;63
HRAD;2024;2;CURETAGEM;4
HRAD;2024;2;FORCEPS CESAREA;1
HRAD;2024;2;PARTO GEMELAR CESARIANA;6
HRAD;2024;2;PARTO NORMAL;37
HRAD;2024;3;CESAREAS;63
HRAD;2024;3;CIRURGIA GINECOLÓGICA;61
HRAD;2024;3;CURETAGEM;5
HRAD;2024;3;FORCEPS NORMAL;2
HRAD;2024;3;PARTO GEMELAR CESARIANA;2
HRAD;2024;3;PARTO NORMAL;46
HRAD;2024;4;CESAREAS;57
HRAD;2024;4;CIRURGIA GINECOLÓGICA;51
HRAD;2024;4;CURETAGEM;2
HRAD;2024;4;FORCEPS NORMAL;1
HRAD;2024;4;PARTO GEMELAR CESARIANA;2
HRAD;2024;4;PARTO NORMAL;38
HRAD;2024;5;CESAREAS;66
HRAD;2024;5;CIRURGIA GINECOLÓGICA;61
HRAD;2024;5;CURETAGEM;5
HRAD;2024;5;FORCEPS NORMAL;2
HRAD;2024;5;PARTO GEMELAR CESARIANA;6
HRAD;2024;5;PARTO NORMAL;42
HRAD;2024;6;CESAREAS;62
HRAD;2024;6;CIRURGIA GINECOLÓGICA;47
HRAD;2024;6;CURETAGEM;5
HRAD;2024;6;FORCEPS NORMAL;1
HRAD;2024;6;PARTO GEMELAR CESARIANA;2
HRAD;2024;6;PARTO NORMAL;42
HRAD;2024;7;CESAREAS;40
HRAD;2024;7;CIRURGIA GINECOLÓGICA;48
HRAD;2024;7;CURETAGEM;1
HRAD;2024;7;PARTO GEMELAR CESARIANA;2
HRAD;2024;7;PARTO NORMAL;38
HRAD;2024;8;CESAREAS;55
HRAD;2024;8;CIRURGIA GINECOLÓGICA;50
HRAD;2024;8;CURETAGEM;2
HRAD;2024;8;FORCEPS NORMAL;1
HRAD;2024;8;PARTO GEMELAR CESARIANA;1
HRAD;2024;8;PARTO NORMAL;35
HRAD;2024;9;CESAREAS;54
HRAD;2024;9;CIRURGIA GINECOLÓGICA;60
HRAD;2024;9;CURETAGEM;8
HRAD;2024;9;FORCEPS NORMAL;1
HRAD;2024;9;PARTO GEMELAR CESARIANA;1
HRAD;2024;9;PARTO NORMAL;57
HRAD;2024;10;CESAREAS;56
HRAD;2024;10;CIRURGIA GINECOLÓGICA;48
HRAD;2024;10;CURETAGEM;5
HRAD;2024;10;PARTO GEMELAR CESARIANA;4
HRAD;2024;10;PARTO NORMAL;40
HRAD;2024;11;CESAREAS;42
HRAD;2024;11;CIRURGIA GINECOLÓGICA;44
HRAD;2024;11;CURETAGEM;3
HRAD;2024;11;FORCEPS NORMAL;1
HRAD;2024;11;PARTO GEMELAR CESARIANA;5
HRAD;2024;11;PARTO NORMAL;42
HRAD;2024;12;CESAREAS;60
HRAD;2024;12;CIRURGIA GINECOLÓGICA;53
HRAD;2024;12;CURETAGEM;7
HRAD;2024;12;PARTO GEMELAR CESARIANA;2
HRAD;2024;12;PARTO GEMELAR NORMAL;2
HRAD;2024;12;PARTO NORMAL;62
HRAD;2025;1;CESAREAS;58
HRAD;2025;1;CIRURGIA GINECOLÓGICA;61
HRAD;2025;1;CURETAGEM;2
HRAD;2025;1;PARTO GEMELAR CESARIANA;2
HRAD;2025;1;PARTO NORMAL;43
HRAD;2025;2;CESAREAS;62
HRAD;2025;2;CIRURGIA GINECOLÓGICA;43
HRAD;2025;2;CURETAGEM;1
HRAD;2025;2;PARTO GEMELAR CESARIANA;1
HRAD;2025;2;PARTO NORMAL;52
HRAD;2025;3;CESAREAS;64
HRAD;2025;3;CIRURGIA GINECOLÓGICA;46
HRAD;2025;3;PARTO GEMELAR CESARIANA;1
HRAD;2025;3;PARTO NORMAL;48
HRAD;2025;4;CESAREAS;69
HRAD;2025;4;CIRURGIA GINECOLÓGICA;42
HRAD;2025;4;PARTO GEMELAR CESARIANA;1
HRAD;2025;4;PARTO NORMAL;48
HRAD;2025;5;CESAREAS;62
HRAD;2025;5;CIRURGIA GINECOLÓGICA;39
HRAD;2025;5;CURETAGEM;5
HRAD;2025;5;PARTO GEMELAR CESARIANA;3
HRAD;2025;5;PARTO NORMAL;41
HRAD;2025;6;CESAREAS;62
HRAD;2025;6;CIRURGIA GINECOLÓGICA;44
HRAD;2025;6;CURETAGEM;10
HRAD;2025;6;PARTO NORMAL;44
HRAD;2025;7;CESAREAS;64
HRAD;2025;7;CIRURGIA GINECOLÓGICA;53
HRAD;2025;7;CURETAGEM;7
HRAD;2025;7;PARTO NORMAL;45
HRAD;2025;8;CESAREAS;62
HRAD;2025;8;CIRURGIA GINECOLÓGICA;149
HRAD;2025;8;CURETAGEM;11
HRAD;2025;8;PARTO NORMAL;62
HRAD;2025;9;CESAREAS;60
HRAD;2025;9;CIRURGIA GINECOLÓGICA;145
HRAD;2025;9;CURETAGEM;11
HRAD;2025;9;PARTO NORMAL;66
HRAD;2025;10;CESAREAS;59
HRAD;2025;10;CIRURGIA GINECOLÓGICA;132
HRAD;2025;10;CURETAGEM;6
HRAD;2025;10;PARTO NORMAL;47
HRAD;2025;11;CESAREAS;54
HRAD;2025;11;CIRURGIA GINECOLÓGICA;134
HRAD;2025;11;CURETAGEM;2
HRAD;2025;11;PARTO NORMAL;61
HRAD;2025;12;CESAREAS;58
HRAD;2025;12;CIRURGIA GINECOLÓGICA;127
HRAD;2025;12;CURETAGEM;12
HRAD;2025;12;PARTO NORMAL;37
HRAD;2026;1;CESAREAS;63
HRAD;2026;1;CIRURGIA GINECOLÓGICA;154
HRAD;2026;1;CURETAGEM;7
HRAD;2026;1;PARTO NORMAL;56
HRAD;2026;2;CESAREAS;62
HRAD;2026;2;CIRURGIA GINECOLÓGICA;174
HRAD;2026;2;CURETAGEM;9
HRAD;2026;2;PARTO NORMAL;54
HRAD;2026;3;CESAREAS;52
HRAD;2026;3;CIRURGIA GINECOLÓGICA;159
HRAD;2026;3;CURETAGEM;4
HRAD;2026;3;PARTO NORMAL;59
HRBJA;2025;7;OOFORECTOMIA / OOFOROPLASTIA;1
HRJP;2019;1;CESAREAS;43
HRJP;2019;1;CIRURGIA GINECOLÓGICA;17
HRJP;2019;1;CURETAGEM;5
HRJP;2019;1;FORCEPS NORMAL;2
HRJP;2019;1;PARTO GEMELAR NORMAL;2
HRJP;2019;1;PARTO NORMAL;68
HRJP;2019;2;CESAREAS;50
HRJP;2019;2;CIRURGIA GINECOLÓGICA;20
HRJP;2019;2;CURETAGEM;3
HRJP;2019;2;FORCEPS NORMAL;2
HRJP;2019;2;PARTO GEMELAR CESARIANA;2
HRJP;2019;2;PARTO GEMELAR NORMAL;2
HRJP;2019;2;PARTO NORMAL;60
HRJP;2019;3;CESAREAS;49
HRJP;2019;3;CIRURGIA GINECOLÓGICA;11
HRJP;2019;3;CURETAGEM;1
HRJP;2019;3;PARTO GEMELAR CESARIANA;1
HRJP;2019;3;PARTO NORMAL;68
HRJP;2019;4;CESAREAS;63
HRJP;2019;4;CIRURGIA GINECOLÓGICA;7
HRJP;2019;4;CURETAGEM;2
HRJP;2019;4;PARTO GEMELAR CESARIANA;1
HRJP;2019;4;PARTO NORMAL;67
HRJP;2019;5;CESAREAS;44
HRJP;2019;5;CIRURGIA GINECOLÓGICA;11
HRJP;2019;5;CURETAGEM;4
HRJP;2019;5;PARTO GEMELAR CESARIANA;4
HRJP;2019;5;PARTO GEMELAR NORMAL;3
HRJP;2019;5;PARTO NORMAL;73
HRJP;2019;6;CESAREAS;44
HRJP;2019;6;CIRURGIA GINECOLÓGICA;10
HRJP;2019;6;CURETAGEM;9
HRJP;2019;6;PARTO GEMELAR CESARIANA;3
HRJP;2019;6;PARTO NORMAL;67
HRJP;2019;7;CESAREAS;48
HRJP;2019;7;CIRURGIA GINECOLÓGICA;16
HRJP;2019;7;CURETAGEM;9
HRJP;2019;7;PARTO GEMELAR CESARIANA;2
HRJP;2019;7;PARTO NORMAL;66
HRJP;2019;8;CESAREAS;44
HRJP;2019;8;CIRURGIA GINECOLÓGICA;18
HRJP;2019;8;CURETAGEM;7
HRJP;2019;8;PARTO GEMELAR CESARIANA;2
HRJP;2019;8;PARTO NORMAL;52
HRJP;2019;9;CESAREAS;49
HRJP;2019;9;CIRURGIA GINECOLÓGICA;20
HRJP;2019;9;CURETAGEM;6
HRJP;2019;9;PARTO GEMELAR CESARIANA;1
HRJP;2019;9;PARTO NORMAL;69
HRJP;2019;10;CESAREAS;50
HRJP;2019;10;CIRURGIA GINECOLÓGICA;7
HRJP;2019;10;CURETAGEM;1
HRJP;2019;10;PARTO GEMELAR NORMAL;2
HRJP;2019;10;PARTO NORMAL;56
HRJP;2019;11;CESAREAS;43
HRJP;2019;11;CIRURGIA GINECOLÓGICA;8
HRJP;2019;11;CURETAGEM;6
HRJP;2019;11;PARTO GEMELAR CESARIANA;1
HRJP;2019;11;PARTO NORMAL;51
HRJP;2019;12;CESAREAS;45
HRJP;2019;12;CIRURGIA GINECOLÓGICA;16
HRJP;2019;12;CURETAGEM;11
HRJP;2019;12;PARTO NORMAL;66
HRJP;2020;1;CESAREAS;36
HRJP;2020;1;CIRURGIA GINECOLÓGICA;8
HRJP;2020;1;CURETAGEM;3
HRJP;2020;1;FORCEPS NORMAL;1
HRJP;2020;1;PARTO GEMELAR CESARIANA;1
HRJP;2020;1;PARTO NORMAL;70
HRJP;2020;2;CESAREAS;45
HRJP;2020;2;CIRURGIA GINECOLÓGICA;14
HRJP;2020;2;CURETAGEM;4
HRJP;2020;2;PARTO GEMELAR CESARIANA;1
HRJP;2020;2;PARTO NORMAL;59
HRJP;2020;3;CESAREAS;57
HRJP;2020;3;CIRURGIA GINECOLÓGICA;19
HRJP;2020;3;CURETAGEM;2
HRJP;2020;3;PARTO GEMELAR CESARIANA;4
HRJP;2020;3;PARTO GEMELAR NORMAL;2
HRJP;2020;3;PARTO NORMAL;58
HRJP;2020;4;CESAREAS;49
HRJP;2020;4;CIRURGIA GINECOLÓGICA;11
HRJP;2020;4;CURETAGEM;3
HRJP;2020;4;PARTO GEMELAR CESARIANA;2
HRJP;2020;4;PARTO NORMAL;39
HRJP;2020;5;CESAREAS;49
HRJP;2020;5;CIRURGIA GINECOLÓGICA;14
HRJP;2020;5;CURETAGEM;1
HRJP;2020;5;PARTO GEMELAR CESARIANA;3
HRJP;2020;5;PARTO GEMELAR NORMAL;1
HRJP;2020;5;PARTO NORMAL;65
HRJP;2020;6;CESAREAS;50
HRJP;2020;6;CIRURGIA GINECOLÓGICA;11
HRJP;2020;6;CURETAGEM;8
HRJP;2020;6;PARTO GEMELAR CESARIANA;1
HRJP;2020;6;PARTO NORMAL;58
HRJP;2020;7;CESAREAS;53
HRJP;2020;7;CIRURGIA GINECOLÓGICA;13
HRJP;2020;7;CURETAGEM;9
HRJP;2020;7;PARTO GEMELAR CESARIANA;3
HRJP;2020;7;PARTO NORMAL;50
HRJP;2020;8;CESAREAS;51
HRJP;2020;8;CIRURGIA GINECOLÓGICA;19
HRJP;2020;8;CURETAGEM;5
HRJP;2020;8;FORCEPS NORMAL;1
HRJP;2020;8;PARTO GEMELAR CESARIANA;3
HRJP;2020;8;PARTO NORMAL;48
HRJP;2020;9;CESAREAS;40
HRJP;2020;9;CIRURGIA GINECOLÓGICA;5
HRJP;2020;9;CURETAGEM;1
HRJP;2020;9;FORCEPS NORMAL;1
HRJP;2020;9;PARTO GEMELAR CESARIANA;1
HRJP;2020;9;PARTO NORMAL;65
HRJP;2020;10;CESAREAS;41
HRJP;2020;10;CIRURGIA GINECOLÓGICA;14
HRJP;2020;10;CURETAGEM;2
HRJP;2020;10;PARTO GEMELAR CESARIANA;1
HRJP;2020;10;PARTO NORMAL;47
HRJP;2020;11;CESAREAS;54
HRJP;2020;11;CIRURGIA GINECOLÓGICA;13
HRJP;2020;11;CURETAGEM;5
HRJP;2020;11;PARTO GEMELAR NORMAL;4
HRJP;2020;11;PARTO NORMAL;56
HRJP;2020;12;CESAREAS;43
HRJP;2020;12;CIRURGIA GINECOLÓGICA;3
HRJP;2020;12;CURETAGEM;4
HRJP;2020;12;PARTO GEMELAR CESARIANA;1
HRJP;2020;12;PARTO NORMAL;56
HRJP;2021;1;CESAREAS;42
HRJP;2021;1;CIRURGIA GINECOLÓGICA;4
HRJP;2021;1;CURETAGEM;2
HRJP;2021;1;PARTO GEMELAR CESARIANA;2
HRJP;2021;1;PARTO NORMAL;69
HRJP;2021;2;CESAREAS;41
HRJP;2021;2;CIRURGIA GINECOLÓGICA;13
HRJP;2021;2;FORCEPS NORMAL;1
HRJP;2021;2;PARTO GEMELAR CESARIANA;3
HRJP;2021;2;PARTO GEMELAR NORMAL;1
HRJP;2021;2;PARTO NORMAL;49
HRJP;2021;3;CESAREAS;61
HRJP;2021;3;CIRURGIA GINECOLÓGICA;3
HRJP;2021;3;CURETAGEM;5
HRJP;2021;3;PARTO GEMELAR CESARIANA;1
HRJP;2021;3;PARTO NORMAL;57
HRJP;2021;4;CESAREAS;59
HRJP;2021;4;CIRURGIA GINECOLÓGICA;4
HRJP;2021;4;CURETAGEM;8
HRJP;2021;4;FORCEPS NORMAL;1
HRJP;2021;4;PARTO GEMELAR CESARIANA;3
HRJP;2021;4;PARTO NORMAL;52
HRJP;2021;5;CESAREAS;43
HRJP;2021;5;CIRURGIA GINECOLÓGICA;5
HRJP;2021;5;CURETAGEM;6
HRJP;2021;5;PARTO GEMELAR CESARIANA;3
HRJP;2021;5;PARTO GEMELAR NORMAL;2
HRJP;2021;5;PARTO NORMAL;77
HRJP;2021;6;CESAREAS;47
HRJP;2021;6;CIRURGIA GINECOLÓGICA;3
HRJP;2021;6;CURETAGEM;4
HRJP;2021;6;PARTO GEMELAR CESARIANA;2
HRJP;2021;6;PARTO NORMAL;47
HRJP;2021;7;CESAREAS;50
HRJP;2021;7;CIRURGIA GINECOLÓGICA;4
HRJP;2021;7;CURETAGEM;6
HRJP;2021;7;PARTO GEMELAR CESARIANA;3
HRJP;2021;7;PARTO GEMELAR NORMAL;1
HRJP;2021;7;PARTO NORMAL;53
HRJP;2021;8;CESAREAS;53
HRJP;2021;8;CIRURGIA GINECOLÓGICA;5
HRJP;2021;8;CURETAGEM;6
HRJP;2021;8;PARTO GEMELAR CESARIANA;1
HRJP;2021;8;PARTO GEMELAR NORMAL;2
HRJP;2021;8;PARTO NORMAL;64
HRJP;2021;9;CESAREAS;43
HRJP;2021;9;CIRURGIA GINECOLÓGICA;7
HRJP;2021;9;CURETAGEM;3
HRJP;2021;9;PARTO GEMELAR CESARIANA;3
HRJP;2021;9;PARTO NORMAL;75
HRJP;2021;10;CESAREAS;49
HRJP;2021;10;CIRURGIA GINECOLÓGICA;5
HRJP;2021;10;CURETAGEM;1
HRJP;2021;10;PARTO GEMELAR CESARIANA;3
HRJP;2021;10;PARTO GEMELAR NORMAL;1
HRJP;2021;10;PARTO NORMAL;53
HRJP;2021;11;CESAREAS;48
HRJP;2021;11;CIRURGIA GINECOLÓGICA;3
HRJP;2021;11;CURETAGEM;7
HRJP;2021;11;PARTO NORMAL;57
HRJP;2021;12;CESAREAS;48
HRJP;2021;12;CIRURGIA GINECOLÓGICA;2
HRJP;2021;12;CURETAGEM;3
HRJP;2021;12;PARTO GEMELAR CESARIANA;1
HRJP;2021;12;PARTO NORMAL;53
HRJP;2022;1;CESAREAS;54
HRJP;2022;1;CIRURGIA GINECOLÓGICA;4
HRJP;2022;1;CURETAGEM;2
HRJP;2022;1;PARTO GEMELAR CESARIANA;1
HRJP;2022;1;PARTO GEMELAR NORMAL;1
HRJP;2022;1;PARTO NORMAL;68
HRJP;2022;2;CESAREAS;51
HRJP;2022;2;CIRURGIA GINECOLÓGICA;8
HRJP;2022;2;CURETAGEM;4
HRJP;2022;2;PARTO NORMAL;59
HRJP;2022;3;CESAREAS;53
HRJP;2022;3;CIRURGIA GINECOLÓGICA;7
HRJP;2022;3;CURETAGEM;1
HRJP;2022;3;PARTO GEMELAR NORMAL;1
HRJP;2022;3;PARTO NORMAL;62
HRJP;2022;4;CESAREAS;58
HRJP;2022;4;CIRURGIA GINECOLÓGICA;8
HRJP;2022;4;CURETAGEM;2
HRJP;2022;4;PARTO GEMELAR CESARIANA;1
HRJP;2022;4;PARTO GEMELAR NORMAL;1
HRJP;2022;4;PARTO NORMAL;68
HRJP;2022;5;CESAREAS;54
HRJP;2022;5;CIRURGIA GINECOLÓGICA;10
HRJP;2022;5;CURETAGEM;3
HRJP;2022;5;PARTO GEMELAR CESARIANA;2
HRJP;2022;5;PARTO NORMAL;63
HRJP;2022;6;CESAREAS;47
HRJP;2022;6;CIRURGIA GINECOLÓGICA;10
HRJP;2022;6;CURETAGEM;1
HRJP;2022;6;PARTO GEMELAR CESARIANA;3
HRJP;2022;6;PARTO NORMAL;58
HRJP;2022;7;CESAREAS;62
HRJP;2022;7;CIRURGIA GINECOLÓGICA;25
HRJP;2022;7;CURETAGEM;4
HRJP;2022;7;PARTO NORMAL;56
HRJP;2022;8;CESAREAS;44
HRJP;2022;8;CIRURGIA GINECOLÓGICA;9
HRJP;2022;8;CURETAGEM;1
HRJP;2022;8;PARTO NORMAL;55
HRJP;2022;9;CESAREAS;40
HRJP;2022;9;CIRURGIA GINECOLÓGICA;10
HRJP;2022;9;CURETAGEM;2
HRJP;2022;9;PARTO GEMELAR CESARIANA;3
HRJP;2022;9;PARTO GEMELAR NORMAL;1
HRJP;2022;9;PARTO NORMAL;60
HRJP;2022;10;CESAREAS;32
HRJP;2022;10;CIRURGIA GINECOLÓGICA;12
HRJP;2022;10;CURETAGEM;1
HRJP;2022;10;PARTO GEMELAR CESARIANA;1
HRJP;2022;10;PARTO GEMELAR NORMAL;1
HRJP;2022;10;PARTO NORMAL;49
HRJP;2022;11;CESAREAS;37
HRJP;2022;11;CIRURGIA GINECOLÓGICA;1
HRJP;2022;11;CURETAGEM;3
HRJP;2022;11;PARTO GEMELAR CESARIANA;1
HRJP;2022;11;PARTO GEMELAR NORMAL;4
HRJP;2022;11;PARTO NORMAL;54
HRJP;2022;12;CESAREAS;60
HRJP;2022;12;CIRURGIA GINECOLÓGICA;7
HRJP;2022;12;CURETAGEM;2
HRJP;2022;12;PARTO GEMELAR CESARIANA;1
HRJP;2022;12;PARTO NORMAL;49
HRJP;2023;1;CESAREAS;49
HRJP;2023;1;CIRURGIA GINECOLÓGICA;1
HRJP;2023;1;CURETAGEM;1
HRJP;2023;1;PARTO GEMELAR CESARIANA;5
HRJP;2023;1;PARTO GEMELAR NORMAL;3
HRJP;2023;1;PARTO NORMAL;52
HRJP;2023;2;CESAREAS;43
HRJP;2023;2;CIRURGIA GINECOLÓGICA;2
HRJP;2023;2;PARTO GEMELAR CESARIANA;1
HRJP;2023;2;PARTO NORMAL;53
HRJP;2023;3;CESAREAS;50
HRJP;2023;3;CIRURGIA GINECOLÓGICA;2
HRJP;2023;3;CURETAGEM;9
HRJP;2023;3;PARTO NORMAL;75
HRJP;2023;4;CESAREAS;50
HRJP;2023;4;CIRURGIA GINECOLÓGICA;5
HRJP;2023;4;CURETAGEM;7
HRJP;2023;4;PARTO GEMELAR CESARIANA;2
HRJP;2023;4;PARTO NORMAL;66
HRJP;2023;5;CESAREAS;56
HRJP;2023;5;CIRURGIA GINECOLÓGICA;1
HRJP;2023;5;CURETAGEM;4
HRJP;2023;5;PARTO GEMELAR CESARIANA;2
HRJP;2023;5;PARTO GEMELAR NORMAL;2
HRJP;2023;5;PARTO NORMAL;54
HRJP;2023;6;CESAREAS;63
HRJP;2023;6;CIRURGIA GINECOLÓGICA;1
HRJP;2023;6;CURETAGEM;4
HRJP;2023;6;PARTO GEMELAR CESARIANA;2
HRJP;2023;6;PARTO NORMAL;44
HRJP;2023;7;CESAREAS;54
HRJP;2023;7;CIRURGIA GINECOLÓGICA;7
HRJP;2023;7;CURETAGEM;3
HRJP;2023;7;PARTO GEMELAR CESARIANA;2
HRJP;2023;7;PARTO GEMELAR NORMAL;1
HRJP;2023;7;PARTO NORMAL;53
HRJP;2023;8;CESAREAS;47
HRJP;2023;8;CIRURGIA GINECOLÓGICA;1
HRJP;2023;8;CURETAGEM;3
HRJP;2023;8;PARTO GEMELAR CESARIANA;1
HRJP;2023;8;PARTO NORMAL;46
HRJP;2023;9;CESAREAS;51
HRJP;2023;9;CIRURGIA GINECOLÓGICA;1
HRJP;2023;9;CURETAGEM;5
HRJP;2023;9;FORCEPS NORMAL;1
HRJP;2023;9;PARTO GEMELAR CESARIANA;3
HRJP;2023;9;PARTO NORMAL;43
HRJP;2023;10;CESAREAS;58
HRJP;2023;10;CIRURGIA GINECOLÓGICA;1
HRJP;2023;10;CURETAGEM;7
HRJP;2023;10;PARTO GEMELAR CESARIANA;2
HRJP;2023;10;PARTO NORMAL;49
HRJP;2023;11;CESAREAS;50
HRJP;2023;11;CIRURGIA GINECOLÓGICA;1
HRJP;2023;11;CURETAGEM;3
HRJP;2023;11;PARTO GEMELAR CESARIANA;4
HRJP;2023;11;PARTO NORMAL;66
HRJP;2023;12;CESAREAS;67
HRJP;2023;12;CURETAGEM;3
HRJP;2023;12;PARTO GEMELAR NORMAL;1
HRJP;2023;12;PARTO NORMAL;37
HRJP;2024;1;CESAREAS;53
HRJP;2024;1;CURETAGEM;3
HRJP;2024;1;OPERAÇÃO CESARIANA;1
HRJP;2024;1;PARTO GEMELAR CESARIANA;1
HRJP;2024;1;PARTO GEMELAR NORMAL;1
HRJP;2024;1;PARTO NORMAL;59
HRJP;2024;2;CESAREAS;54
HRJP;2024;2;CIRURGIA GINECOLÓGICA;15
HRJP;2024;2;CURETAGEM;3
HRJP;2024;2;PARTO NORMAL;44
HRJP;2024;2;PARTO NORMAL EM CENTRO DE PARTO NORMAL (CPN);1
HRJP;2024;3;CESAREAS;43
HRJP;2024;3;CURETAGEM;4
HRJP;2024;3;PARTO GEMELAR CESARIANA;2
HRJP;2024;3;PARTO NORMAL;54
HRJP;2024;4;CESAREAS;58
HRJP;2024;4;CIRURGIA GINECOLÓGICA;1
HRJP;2024;4;CURETAGEM;1
HRJP;2024;4;PARTO NORMAL;1
HRJP;2024;4;PARTO NORMAL;54
HRJP;2024;5;CESAREAS;50
HRJP;2024;5;CURETAGEM;3
HRJP;2024;5;OPERAÇÃO CESARIANA;1
HRJP;2024;5;PARTO GEMELAR CESARIANA;2
HRJP;2024;5;PARTO NORMAL;1
HRJP;2024;5;PARTO NORMAL;63
HRJP;2024;6;CESAREAS;71
HRJP;2024;6;CIRURGIA GINECOLÓGICA;2
HRJP;2024;6;CURETAGEM;2
HRJP;2024;6;PARTO GEMELAR CESARIANA;4
HRJP;2024;6;PARTO NORMAL;49
HRJP;2024;7;CESAREAS;47
HRJP;2024;7;CURETAGEM;5
HRJP;2024;7;PARTO GEMELAR CESARIANA;2
HRJP;2024;7;PARTO GEMELAR NORMAL;2
HRJP;2024;7;PARTO NORMAL;51
HRJP;2024;8;CESAREAS;50
HRJP;2024;8;CURETAGEM;6
HRJP;2024;8;PARTO GEMELAR CESARIANA;2
HRJP;2024;8;PARTO NORMAL;49
HRJP;2024;9;CESAREAS;56
HRJP;2024;9;CIRURGIA GINECOLÓGICA;3
HRJP;2024;9;CURETAGEM;10
HRJP;2024;9;PARTO GEMELAR CESARIANA;3
HRJP;2024;9;PARTO NORMAL;61
HRJP;2024;10;CESAREAS;61
HRJP;2024;10;CIRURGIA GINECOLÓGICA;1
HRJP;2024;10;CURETAGEM;7
HRJP;2024;10;PARTO GEMELAR CESARIANA;1
HRJP;2024;10;PARTO GEMELAR NORMAL;1
HRJP;2024;10;PARTO NORMAL;55
HRJP;2024;11;HISTERECTOMIA TOTAL;3
HRJP;2024;11;HISTEROSCOPIA CIRURGICA C/ RESSECTOSCOPIO;1
HRJP;2024;11;LAQUEADURA TUBÁRIA NA MESMA INTERNAÇÃO DE PARTO NORMAL;11
HRJP;2024;11;OOFORECTOMIA / OOFOROPLASTIA;1
HRJP;2024;11;OPERAÇÃO CESARIANA;17
HRJP;2024;11;OPERAÇÃO CESARIANA COM LAQUEADURA TUBARIA;5
HRJP;2024;11;OPERAÇÃO CESARIANA EM GESTAÇÃO DE ALTO RISCO;3
HRJP;2024;11;PARTO NORMAL;43
HRJP;2024;11;PARTO NORMAL EM CENTRO DE PARTO NORMAL (CPN);12
HRJP;2024;11;PARTO NORMAL EM GESTAÇÃO DE ALTO RISCO;9
HRJP;2024;12;CURETAGEM SEMIOTICA C/ OU S/ DILATACAO DO COLO DO UTERO;3
HRJP;2024;12;LAQUEADURA TUBÁRIA NA MESMA INTERNAÇÃO DE PARTO NORMAL;6
HRJP;2024;12;OPERAÇÃO CESARIANA;27
HRJP;2024;12;OPERAÇÃO CESARIANA COM LAQUEADURA TUBARIA;8
HRJP;2024;12;OPERAÇÃO CESARIANA EM GESTAÇÃO DE ALTO RISCO;10
HRJP;2024;12;PARTO NORMAL;37
HRJP;2024;12;PARTO NORMAL EM CENTRO DE PARTO NORMAL (CPN);7
HRJP;2024;12;PARTO NORMAL EM GESTAÇÃO DE ALTO RISCO;10
HRJP;2024;12;SALPINGECTOMIA UNI / BILATERAL;1
HRJP;2025;1;CURETAGEM SEMIOTICA C/ OU S/ DILATACAO DO COLO DO UTERO;1
HRJP;2025;1;HISTERECTOMIA TOTAL;1
HRJP;2025;1;HISTEROSCOPIA CIRURGICA C/ RESSECTOSCOPIO;1
HRJP;2025;1;LAQUEADURA TUBÁRIA NA MESMA INTERNAÇÃO DE PARTO NORMAL;11
HRJP;2025;1;OPERAÇÃO CESARIANA;23
HRJP;2025;1;OPERAÇÃO CESARIANA COM LAQUEADURA TUBARIA;16
HRJP;2025;1;OPERAÇÃO CESARIANA EM GESTAÇÃO DE ALTO RISCO;15
HRJP;2025;1;PARTO NORMAL;47
HRJP;2025;1;PARTO NORMAL EM CENTRO DE PARTO NORMAL (CPN);1
HRJP;2025;1;PARTO NORMAL EM GESTAÇÃO DE ALTO RISCO;11
HRJP;2025;1;SALPINGECTOMIA UNI / BILATERAL;1
HRJP;2025;2;HISTERECTOMIA TOTAL;2
HRJP;2025;2;HISTEROSCOPIA CIRURGICA C/ RESSECTOSCOPIO;1
HRJP;2025;2;LAQUEADURA TUBÁRIA NA MESMA INTERNAÇÃO DE PARTO NORMAL;8
HRJP;2025;2;OOFORECTOMIA / OOFOROPLASTIA;1
HRJP;2025;2;OPERAÇÃO CESARIANA;23
HRJP;2025;2;OPERAÇÃO CESARIANA COM LAQUEADURA TUBARIA;10
HRJP;2025;2;OPERAÇÃO CESARIANA EM GESTAÇÃO DE ALTO RISCO;20
HRJP;2025;2;PARTO NORMAL;33
HRJP;2025;2;PARTO NORMAL EM CENTRO DE PARTO NORMAL (CPN);5
HRJP;2025;2;PARTO NORMAL EM GESTAÇÃO DE ALTO RISCO;19
HRJP;2025;3;COLPOPERINEOPLASTIA ANTERIOR E POSTERIOR;1
HRJP;2025;3;CURETAGEM SEMIOTICA C/ OU S/ DILATACAO DO COLO DO UTERO;2
HRJP;2025;3;HISTERECTOMIA (POR VIA VAGINAL);2
HRJP;2025;3;HISTERECTOMIA C/ ANEXECTOMIA (UNI / BILATERAL);2
HRJP;2025;3;LAQUEADURA TUBARIA;1
HRJP;2025;3;LAQUEADURA TUBÁRIA NA MESMA INTERNAÇÃO DE PARTO NORMAL;14
HRJP;2025;3;OOFORECTOMIA / OOFOROPLASTIA;1
HRJP;2025;3;OPERAÇÃO CESARIANA;25
HRJP;2025;3;OPERAÇÃO CESARIANA COM LAQUEADURA TUBARIA;20
HRJP;2025;3;OPERAÇÃO CESARIANA EM GESTAÇÃO DE ALTO RISCO;34
HRJP;2025;3;PARTO NORMAL;45
HRJP;2025;3;PARTO NORMAL EM CENTRO DE PARTO NORMAL (CPN);12
HRJP;2025;3;PARTO NORMAL EM GESTAÇÃO DE ALTO RISCO;24
HRJP;2025;4;COLPOPERINEOPLASTIA ANTERIOR E POSTERIOR;1
HRJP;2025;4;CURETAGEM SEMIOTICA C/ OU S/ DILATACAO DO COLO DO UTERO;2
HRJP;2025;4;HISTERECTOMIA C/ ANEXECTOMIA (UNI / BILATERAL);1
HRJP;2025;4;HISTERECTOMIA TOTAL;4
HRJP;2025;4;HISTEROSCOPIA CIRURGICA C/ RESSECTOSCOPIO;6
HRJP;2025;4;LAQUEADURA TUBARIA;1
HRJP;2025;4;LAQUEADURA TUBÁRIA NA MESMA INTERNAÇÃO DE PARTO NORMAL;9
HRJP;2025;4;OOFORECTOMIA / OOFOROPLASTIA;1
HRJP;2025;4;OPERAÇÃO CESARIANA;22
HRJP;2025;4;OPERAÇÃO CESARIANA COM LAQUEADURA TUBARIA;13
HRJP;2025;4;OPERAÇÃO CESARIANA EM GESTAÇÃO DE ALTO RISCO;21
HRJP;2025;4;PARTO NORMAL;52
HRJP;2025;4;PARTO NORMAL EM CENTRO DE PARTO NORMAL (CPN);9
HRJP;2025;4;PARTO NORMAL EM GESTAÇÃO DE ALTO RISCO;18
HRJP;2025;4;TRATAMENTO CIRURGICO DE INCONTINÊNCIA URINÁRIA POR VIA VAGINAL;1
HRJP;2025;5;COLPOPERINEOPLASTIA ANTERIOR E POSTERIOR;1
HRJP;2025;5;HISTERECTOMIA (POR VIA VAGINAL);1
HRJP;2025;5;HISTERECTOMIA TOTAL;4
HRJP;2025;5;HISTEROSCOPIA CIRURGICA C/ RESSECTOSCOPIO;2
HRJP;2025;5;LAQUEADURA TUBARIA;1
HRJP;2025;5;LAQUEADURA TUBÁRIA NA MESMA INTERNAÇÃO DE PARTO NORMAL;10
HRJP;2025;5;MIOMECTOMIA;1
HRJP;2025;5;OOFORECTOMIA / OOFOROPLASTIA;1
HRJP;2025;5;OPERAÇÃO CESARIANA;24
HRJP;2025;5;OPERAÇÃO CESARIANA COM LAQUEADURA TUBARIA;22
HRJP;2025;5;OPERAÇÃO CESARIANA EM GESTAÇÃO DE ALTO RISCO;25
HRJP;2025;5;PARTO NORMAL;56
HRJP;2025;5;PARTO NORMAL EM GESTAÇÃO DE ALTO RISCO;12
HRJP;2025;5;TRATAMENTO CIRURGICO DE FISTULA VESICO-VAGINAL;1
HRJP;2025;5;TRATAMENTO CIRURGICO DE HIPERTROFIA DOS PEQUENOS LABIOS;1
HRJP;2025;6;EXTRACAO DE CORPO ESTRANHO DA VAGINA;1
HRJP;2025;6;HISTERECTOMIA (POR VIA VAGINAL);1
HRJP;2025;6;HISTERECTOMIA TOTAL;1
HRJP;2025;6;LAQUEADURA TUBARIA;1
HRJP;2025;6;LAQUEADURA TUBÁRIA NA MESMA INTERNAÇÃO DE PARTO NORMAL;4
HRJP;2025;6;OPERAÇÃO CESARIANA;22
HRJP;2025;6;OPERAÇÃO CESARIANA COM LAQUEADURA TUBARIA;15
HRJP;2025;6;OPERAÇÃO CESARIANA EM GESTAÇÃO DE ALTO RISCO;25
HRJP;2025;6;PARTO NORMAL;47
HRJP;2025;6;PARTO NORMAL EM GESTAÇÃO DE ALTO RISCO;18
HRJP;2025;6;SALPINGECTOMIA UNI / BILATERAL;1
HRJP;2025;7;CURETAGEM UTERINA EM MOLA HIDATIFORME;1
HRJP;2025;7;HISTERECTOMIA TOTAL;8
HRJP;2025;7;HISTEROSCOPIA CIRURGICA C/ RESSECTOSCOPIO;3
HRJP;2025;7;LAQUEADURA TUBÁRIA NA MESMA INTERNAÇÃO DE PARTO NORMAL;7
HRJP;2025;7;OOFORECTOMIA / OOFOROPLASTIA;1
HRJP;2025;7;OPERAÇÃO CESARIANA;23
HRJP;2025;7;OPERAÇÃO CESARIANA COM LAQUEADURA TUBARIA;17
HRJP;2025;7;OPERAÇÃO CESARIANA EM GESTAÇÃO DE ALTO RISCO;29
HRJP;2025;7;PARTO NORMAL;34
HRJP;2025;7;PARTO NORMAL EM CENTRO DE PARTO NORMAL (CPN);1
HRJP;2025;7;PARTO NORMAL EM GESTAÇÃO DE ALTO RISCO;27
HRJP;2025;8;COLPOPERINEOPLASTIA ANTERIOR E POSTERIOR;2
HRJP;2025;8;COLPOPERINEOPLASTIA POSTERIOR;1
HRJP;2025;8;CURETAGEM SEMIOTICA C/ OU S/ DILATACAO DO COLO DO UTERO;1
HRJP;2025;8;EXERESE DE CISTO VAGINAL;1
HRJP;2025;8;HISTERECTOMIA (POR VIA VAGINAL);4
HRJP;2025;8;HISTERECTOMIA C/ ANEXECTOMIA (UNI / BILATERAL);1
HRJP;2025;8;HISTERECTOMIA TOTAL;3
HRJP;2025;8;LAQUEADURA TUBÁRIA NA MESMA INTERNAÇÃO DE PARTO NORMAL;9
HRJP;2025;8;OOFORECTOMIA / OOFOROPLASTIA;2
HRJP;2025;8;OPERAÇÃO CESARIANA;25
HRJP;2025;8;OPERAÇÃO CESARIANA COM LAQUEADURA TUBARIA;18
HRJP;2025;8;OPERAÇÃO CESARIANA EM GESTAÇÃO DE ALTO RISCO;24
HRJP;2025;8;PARTO NORMAL;42
HRJP;2025;8;PARTO NORMAL EM CENTRO DE PARTO NORMAL (CPN);3
HRJP;2025;8;PARTO NORMAL EM GESTAÇÃO DE ALTO RISCO;27
HRJP;2025;8;TRATAMENTO CIRURGICO DE HIPERTROFIA DOS PEQUENOS LABIOS;1
HRJP;2025;8;TRATAMENTO CIRURGICO DE INCONTINÊNCIA URINÁRIA POR VIA VAGINAL;2
HRJP;2025;9;COLPOPERINEOPLASTIA ANTERIOR E POSTERIOR;3
HRJP;2025;9;HISTERECTOMIA (POR VIA VAGINAL);1
HRJP;2025;9;HISTERECTOMIA TOTAL;1
HRJP;2025;9;HISTEROSCOPIA CIRURGICA C/ RESSECTOSCOPIO;2
HRJP;2025;9;LAQUEADURA TUBARIA;1
HRJP;2025;9;LAQUEADURA TUBÁRIA NA MESMA INTERNAÇÃO DE PARTO NORMAL;8
HRJP;2025;9;OPERAÇÃO CESARIANA;21
HRJP;2025;9;OPERAÇÃO CESARIANA COM LAQUEADURA TUBARIA;9
HRJP;2025;9;OPERAÇÃO CESARIANA EM GESTAÇÃO DE ALTO RISCO;24
HRJP;2025;9;PARTO NORMAL;33
HRJP;2025;9;PARTO NORMAL EM CENTRO DE PARTO NORMAL (CPN);1
HRJP;2025;9;PARTO NORMAL EM GESTAÇÃO DE ALTO RISCO;20
HRJP;2025;9;SALPINGECTOMIA UNI / BILATERAL;2
HRJP;2025;10;CERCLAGEM DE COLO DO UTERO;1
HRJP;2025;10;COLPOPERINEOPLASTIA ANTERIOR E POSTERIOR;1
HRJP;2025;10;EXTIRPACAO DE LESAO DE VULVA / PERINEO (POR ELETROCOAGULACAO OU FULGURACAO);1
HRJP;2025;10;HISTERECTOMIA (POR VIA VAGINAL);3
HRJP;2025;10;HISTERECTOMIA TOTAL;1
HRJP;2025;10;LAQUEADURA TUBÁRIA NA MESMA INTERNAÇÃO DE PARTO NORMAL;10
HRJP;2025;10;OPERAÇÃO CESARIANA;18
HRJP;2025;10;OPERAÇÃO CESARIANA COM LAQUEADURA TUBARIA;16
HRJP;2025;10;OPERAÇÃO CESARIANA EM GESTAÇÃO DE ALTO RISCO;25
HRJP;2025;10;PARTO NORMAL;41
HRJP;2025;10;PARTO NORMAL EM GESTAÇÃO DE ALTO RISCO;23
HRJP;2025;10;SALPINGECTOMIA UNI / BILATERAL;1
HRJP;2025;11;COLPOPERINEOPLASTIA ANTERIOR E POSTERIOR;2
HRJP;2025;11;HISTERECTOMIA (POR VIA VAGINAL);5
HRJP;2025;11;HISTERECTOMIA TOTAL;2
HRJP;2025;11;LAQUEADURA TUBARIA;1
HRJP;2025;11;LAQUEADURA TUBÁRIA NA MESMA INTERNAÇÃO DE PARTO NORMAL;6
HRJP;2025;11;OPERAÇÃO CESARIANA;19
HRJP;2025;11;OPERAÇÃO CESARIANA COM LAQUEADURA TUBARIA;20
HRJP;2025;11;OPERAÇÃO CESARIANA EM GESTAÇÃO DE ALTO RISCO;26
HRJP;2025;11;PARTO NORMAL;38
HRJP;2025;11;PARTO NORMAL EM CENTRO DE PARTO NORMAL (CPN);1
HRJP;2025;11;PARTO NORMAL EM GESTAÇÃO DE ALTO RISCO;18
HRJP;2025;12;COLPOPERINEOPLASTIA ANTERIOR E POSTERIOR;1
HRJP;2025;12;CURETAGEM SEMIOTICA C/ OU S/ DILATACAO DO COLO DO UTERO;2
HRJP;2025;12;EXERESE DE CISTO VAGINAL;1
HRJP;2025;12;HISTERECTOMIA (POR VIA VAGINAL);2
HRJP;2025;12;HISTERECTOMIA C/ ANEXECTOMIA (UNI / BILATERAL);1
HRJP;2025;12;HISTERECTOMIA TOTAL;4
HRJP;2025;12;HISTEROSCOPIA CIRURGICA C/ RESSECTOSCOPIO;2
HRJP;2025;12;LAQUEADURA TUBÁRIA NA MESMA INTERNAÇÃO DE PARTO NORMAL;7
HRJP;2025;12;OOFORECTOMIA / OOFOROPLASTIA;2
HRJP;2025;12;OPERAÇÃO CESARIANA;15
HRJP;2025;12;OPERAÇÃO CESARIANA COM LAQUEADURA TUBARIA;9
HRJP;2025;12;OPERAÇÃO CESARIANA EM GESTAÇÃO DE ALTO RISCO;32
HRJP;2025;12;PARTO NORMAL;28
HRJP;2025;12;PARTO NORMAL EM GESTAÇÃO DE ALTO RISCO;30
HRJP;2025;12;TRATAMENTO CIRURGICO DE INCONTINÊNCIA URINÁRIA POR VIA VAGINAL;2
HRJP;2026;1;COLPOCLEISE (CIRURGIA DE LE FORT);1
HRJP;2026;1;COLPOPERINEOPLASTIA ANTERIOR E POSTERIOR;1
HRJP;2026;1;HISTERECTOMIA (POR VIA VAGINAL);4
HRJP;2026;1;HISTERECTOMIA TOTAL;1
HRJP;2026;1;HISTEROSCOPIA CIRURGICA C/ RESSECTOSCOPIO;4
HRJP;2026;1;LAQUEADURA TUBÁRIA NA MESMA INTERNAÇÃO DE PARTO NORMAL;13
HRJP;2026;1;OPERAÇÃO CESARIANA;22
HRJP;2026;1;OPERAÇÃO CESARIANA COM LAQUEADURA TUBARIA;8
HRJP;2026;1;OPERAÇÃO CESARIANA EM GESTAÇÃO DE ALTO RISCO;37
HRJP;2026;1;PARTO NORMAL;42
HRJP;2026;1;PARTO NORMAL EM GESTAÇÃO DE ALTO RISCO;22
HRJP;2026;1;TRATAMENTO CIRURGICO DE INCONTINÊNCIA URINÁRIA POR VIA VAGINAL;2
HRJP;2026;2;COLPOCLEISE (CIRURGIA DE LE FORT);1
HRJP;2026;2;COLPOPERINEOPLASTIA ANTERIOR E POSTERIOR;1
HRJP;2026;2;HISTERECTOMIA (POR VIA VAGINAL);1
HRJP;2026;2;HISTERECTOMIA TOTAL;1
HRJP;2026;2;HISTEROSCOPIA CIRURGICA C/ RESSECTOSCOPIO;3
HRJP;2026;2;LAQUEADURA TUBARIA;2
HRJP;2026;2;LAQUEADURA TUBÁRIA NA MESMA INTERNAÇÃO DE PARTO NORMAL;15
HRJP;2026;2;MIOMECTOMIA;1
HRJP;2026;2;OPERAÇÃO CESARIANA;13
HRJP;2026;2;OPERAÇÃO CESARIANA COM LAQUEADURA TUBARIA;16
HRJP;2026;2;OPERAÇÃO CESARIANA EM GESTAÇÃO DE ALTO RISCO;30
HRJP;2026;2;PARTO NORMAL;36
HRJP;2026;2;PARTO NORMAL EM GESTAÇÃO DE ALTO RISCO;33
HRJP;2026;2;TRATAMENTO CIRURGICO DE INCONTINÊNCIA URINÁRIA POR VIA VAGINAL;2
HRJP;2026;3;COLPOPERINEOPLASTIA ANTERIOR E POSTERIOR;2
HRJP;2026;3;CURETAGEM UTERINA EM MOLA HIDATIFORME;1
HRJP;2026;3;HISTERECTOMIA (POR VIA VAGINAL);4
HRJP;2026;3;HISTERECTOMIA C/ ANEXECTOMIA (UNI / BILATERAL);1
HRJP;2026;3;HISTERECTOMIA TOTAL;4
HRJP;2026;3;HISTEROSCOPIA CIRURGICA C/ RESSECTOSCOPIO;6
HRJP;2026;3;LAQUEADURA TUBÁRIA NA MESMA INTERNAÇÃO DE PARTO NORMAL;10
HRJP;2026;3;MIOMECTOMIA;1
HRJP;2026;3;OOFORECTOMIA / OOFOROPLASTIA;1
HRJP;2026;3;OPERAÇÃO CESARIANA;20
HRJP;2026;3;OPERAÇÃO CESARIANA COM LAQUEADURA TUBARIA;15
HRJP;2026;3;OPERAÇÃO CESARIANA EM GESTAÇÃO DE ALTO RISCO;32
HRJP;2026;3;PARTO NORMAL;33
HRJP;2026;3;PARTO NORMAL EM GESTAÇÃO DE ALTO RISCO;22
HRJP;2026;3;TRATAMENTO CIRURGICO DE INCONTINÊNCIA URINÁRIA POR VIA VAGINAL;4
MOV;2019;1;CESAREAS;95
MOV;2019;1;CIRURGIA GINECOLÓGICA;30
MOV;2019;1;CURETAGEM;30
MOV;2019;1;FORCEPS CESAREA;4
MOV;2019;1;FORCEPS NORMAL;7
MOV;2019;1;PARTO GEMELAR CESARIANA;2
MOV;2019;1;PARTO GEMELAR NORMAL;1
MOV;2019;1;PARTO NORMAL;200
MOV;2019;2;CESAREAS;71
MOV;2019;2;CIRURGIA GINECOLÓGICA;47
MOV;2019;2;CURETAGEM;27
MOV;2019;2;FORCEPS CESAREA;1
MOV;2019;2;FORCEPS NORMAL;12
MOV;2019;2;PARTO GEMELAR NORMAL;2
MOV;2019;2;PARTO NORMAL;163
MOV;2019;3;CESAREAS;84
MOV;2019;3;CIRURGIA GINECOLÓGICA;41
MOV;2019;3;CURETAGEM;26
MOV;2019;3;FORCEPS CESAREA;4
MOV;2019;3;FORCEPS NORMAL;9
MOV;2019;3;PARTO GEMELAR CESARIANA;5
MOV;2019;3;PARTO GEMELAR NORMAL;2
MOV;2019;3;PARTO NORMAL;194
MOV;2019;4;CESAREAS;83
MOV;2019;4;CIRURGIA GINECOLÓGICA;31
MOV;2019;4;CURETAGEM;26
MOV;2019;4;FORCEPS CESAREA;2
MOV;2019;4;FORCEPS NORMAL;13
MOV;2019;4;PARTO GEMELAR CESARIANA;1
MOV;2019;4;PARTO GEMELAR NORMAL;2
MOV;2019;4;PARTO NORMAL;180
MOV;2019;5;CESAREAS;77
MOV;2019;5;CIRURGIA GINECOLÓGICA;46
MOV;2019;5;CURETAGEM;24
MOV;2019;5;FORCEPS NORMAL;9
MOV;2019;5;PARTO GEMELAR CESARIANA;3
MOV;2019;5;PARTO NORMAL;207
MOV;2019;6;CESAREAS;85
MOV;2019;6;CIRURGIA GINECOLÓGICA;59
MOV;2019;6;CURETAGEM;23
MOV;2019;6;FORCEPS CESAREA;2
MOV;2019;6;FORCEPS NORMAL;8
MOV;2019;6;PARTO NORMAL;158
MOV;2019;7;CESAREAS;70
MOV;2019;7;CIRURGIA GINECOLÓGICA;58
MOV;2019;7;CURETAGEM;29
MOV;2019;7;FORCEPS NORMAL;3
MOV;2019;7;PARTO GEMELAR CESARIANA;2
MOV;2019;7;PARTO GEMELAR NORMAL;1
MOV;2019;7;PARTO NORMAL;194
MOV;2019;8;CESAREAS;74
MOV;2019;8;CIRURGIA GINECOLÓGICA;64
MOV;2019;8;CURETAGEM;22
MOV;2019;8;FORCEPS NORMAL;4
MOV;2019;8;PARTO GEMELAR CESARIANA;1
MOV;2019;8;PARTO GEMELAR NORMAL;2
MOV;2019;8;PARTO NORMAL;191
MOV;2019;9;CESAREAS;75
MOV;2019;9;CIRURGIA GINECOLÓGICA;58
MOV;2019;9;CURETAGEM;24
MOV;2019;9;FORCEPS CESAREA;1
MOV;2019;9;FORCEPS NORMAL;9
MOV;2019;9;PARTO GEMELAR CESARIANA;1
MOV;2019;9;PARTO GEMELAR NORMAL;1
MOV;2019;9;PARTO NORMAL;190
MOV;2019;10;CESAREAS;70
MOV;2019;10;CIRURGIA GINECOLÓGICA;61
MOV;2019;10;CURETAGEM;27
MOV;2019;10;FORCEPS NORMAL;4
MOV;2019;10;PARTO GEMELAR CESARIANA;1
MOV;2019;10;PARTO GEMELAR NORMAL;1
MOV;2019;10;PARTO NORMAL;199
MOV;2019;11;CESAREAS;82
MOV;2019;11;CIRURGIA GINECOLÓGICA;50
MOV;2019;11;CURETAGEM;22
MOV;2019;11;FORCEPS NORMAL;9
MOV;2019;11;PARTO GEMELAR CESARIANA;2
MOV;2019;11;PARTO NORMAL;188
MOV;2019;12;CESAREAS;70
MOV;2019;12;CIRURGIA GINECOLÓGICA;35
MOV;2019;12;CURETAGEM;17
MOV;2019;12;FORCEPS NORMAL;5
MOV;2019;12;PARTO NORMAL;187
MOV;2020;1;CESAREAS;68
MOV;2020;1;CIRURGIA GINECOLÓGICA;35
MOV;2020;1;CURETAGEM;21
MOV;2020;1;FORCEPS CESAREA;3
MOV;2020;1;FORCEPS NORMAL;4
MOV;2020;1;PARTO GEMELAR CESARIANA;1
MOV;2020;1;PARTO GEMELAR NORMAL;1
MOV;2020;1;PARTO NORMAL;180
MOV;2020;2;CESAREAS;67
MOV;2020;2;CIRURGIA GINECOLÓGICA;46
MOV;2020;2;CURETAGEM;22
MOV;2020;2;FORCEPS CESAREA;1
MOV;2020;2;FORCEPS NORMAL;5
MOV;2020;2;PARTO GEMELAR CESARIANA;4
MOV;2020;2;PARTO GEMELAR NORMAL;1
MOV;2020;2;PARTO NORMAL;183
MOV;2020;3;CESAREAS;74
MOV;2020;3;CIRURGIA GINECOLÓGICA;41
MOV;2020;3;CURETAGEM;15
MOV;2020;3;FORCEPS NORMAL;16
MOV;2020;3;PARTO GEMELAR CESARIANA;1
MOV;2020;3;PARTO NORMAL;181
MOV;2020;4;CESAREAS;97
MOV;2020;4;CIRURGIA GINECOLÓGICA;41
MOV;2020;4;CURETAGEM;13
MOV;2020;4;FORCEPS CESAREA;1
MOV;2020;4;FORCEPS NORMAL;11
MOV;2020;4;PARTO GEMELAR CESARIANA;3
MOV;2020;4;PARTO NORMAL;171
MOV;2020;5;CESAREAS;109
MOV;2020;5;CIRURGIA GINECOLÓGICA;1
MOV;2020;5;CURETAGEM;12
MOV;2020;5;FORCEPS NORMAL;5
MOV;2020;5;PARTO GEMELAR CESARIANA;3
MOV;2020;5;PARTO NORMAL;188
MOV;2020;6;CESAREAS;89
MOV;2020;6;CIRURGIA GINECOLÓGICA;22
MOV;2020;6;CURETAGEM;19
MOV;2020;6;FORCEPS NORMAL;11
MOV;2020;6;PARTO GEMELAR CESARIANA;2
MOV;2020;6;PARTO NORMAL;183
MOV;2020;7;CESAREAS;77
MOV;2020;7;CURETAGEM;22
MOV;2020;7;FORCEPS NORMAL;13
MOV;2020;7;PARTO GEMELAR NORMAL;1
MOV;2020;7;PARTO NORMAL;190
MOV;2020;8;CESAREAS;72
MOV;2020;8;CIRURGIA GINECOLÓGICA;1
MOV;2020;8;CURETAGEM;20
MOV;2020;8;FORCEPS CESAREA;1
MOV;2020;8;FORCEPS NORMAL;6
MOV;2020;8;PARTO GEMELAR CESARIANA;1
MOV;2020;8;PARTO NORMAL;196
MOV;2020;9;CESAREAS;85
MOV;2020;9;CIRURGIA GINECOLÓGICA;1
MOV;2020;9;CURETAGEM;32
MOV;2020;9;FORCEPS CESAREA;3
MOV;2020;9;FORCEPS NORMAL;5
MOV;2020;9;PARTO GEMELAR CESARIANA;2
MOV;2020;9;PARTO GEMELAR NORMAL;1
MOV;2020;9;PARTO NORMAL;173
MOV;2020;10;CESAREAS;73
MOV;2020;10;CIRURGIA GINECOLÓGICA;22
MOV;2020;10;CURETAGEM;20
MOV;2020;10;FORCEPS CESAREA;1
MOV;2020;10;FORCEPS NORMAL;6
MOV;2020;10;PARTO GEMELAR CESARIANA;3
MOV;2020;10;PARTO NORMAL;164
MOV;2020;11;CESAREAS;87
MOV;2020;11;CIRURGIA GINECOLÓGICA;16
MOV;2020;11;CURETAGEM;29
MOV;2020;11;FORCEPS NORMAL;4
MOV;2020;11;PARTO GEMELAR CESARIANA;5
MOV;2020;11;PARTO GEMELAR NORMAL;1
MOV;2020;11;PARTO NORMAL;175
MOV;2020;12;CESAREAS;82
MOV;2020;12;CIRURGIA GINECOLÓGICA;12
MOV;2020;12;CURETAGEM;22
MOV;2020;12;FORCEPS CESAREA;1
MOV;2020;12;FORCEPS NORMAL;4
MOV;2020;12;PARTO GEMELAR CESARIANA;2
MOV;2020;12;PARTO NORMAL;171
MOV;2021;1;CESAREAS;75
MOV;2021;1;CIRURGIA GINECOLÓGICA;10
MOV;2021;1;CURETAGEM;23
MOV;2021;1;FORCEPS CESAREA;1
MOV;2021;1;FORCEPS NORMAL;6
MOV;2021;1;PARTO GEMELAR CESARIANA;4
MOV;2021;1;PARTO GEMELAR NORMAL;1
MOV;2021;1;PARTO NORMAL;168
MOV;2021;2;CESAREAS;86
MOV;2021;2;CIRURGIA GINECOLÓGICA;23
MOV;2021;2;CURETAGEM;24
MOV;2021;2;FORCEPS NORMAL;4
MOV;2021;2;PARTO GEMELAR CESARIANA;3
MOV;2021;2;PARTO NORMAL;164
MOV;2021;3;CESAREAS;82
MOV;2021;3;CIRURGIA GINECOLÓGICA;35
MOV;2021;3;CURETAGEM;17
MOV;2021;3;FORCEPS NORMAL;4
MOV;2021;3;PARTO GEMELAR CESARIANA;2
MOV;2021;3;PARTO GEMELAR NORMAL;1
MOV;2021;3;PARTO NORMAL;200
MOV;2021;4;CESAREAS;88
MOV;2021;4;CIRURGIA GINECOLÓGICA;3
MOV;2021;4;CURETAGEM;9
MOV;2021;4;FORCEPS CESAREA;1
MOV;2021;4;FORCEPS NORMAL;8
MOV;2021;4;PARTO GEMELAR CESARIANA;4
MOV;2021;4;PARTO NORMAL;193
MOV;2021;5;CESAREAS;108
MOV;2021;5;CIRURGIA GINECOLÓGICA;1
MOV;2021;5;CURETAGEM;15
MOV;2021;5;FORCEPS NORMAL;12
MOV;2021;5;PARTO GEMELAR NORMAL;1
MOV;2021;5;PARTO NORMAL;197
MOV;2021;6;CESAREAS;98
MOV;2021;6;CIRURGIA GINECOLÓGICA;39
MOV;2021;6;CURETAGEM;7
MOV;2021;6;FORCEPS CESAREA;1
MOV;2021;6;FORCEPS NORMAL;8
MOV;2021;6;PARTO GEMELAR CESARIANA;1
MOV;2021;6;PARTO NORMAL;190
MOV;2021;7;CESAREAS;97
MOV;2021;7;CIRURGIA GINECOLÓGICA;32
MOV;2021;7;CURETAGEM;19
MOV;2021;7;FORCEPS NORMAL;4
MOV;2021;7;PARTO GEMELAR CESARIANA;2
MOV;2021;7;PARTO GEMELAR NORMAL;2
MOV;2021;7;PARTO NORMAL;189
MOV;2021;8;CESAREAS;103
MOV;2021;8;CIRURGIA GINECOLÓGICA;45
MOV;2021;8;CURETAGEM;28
MOV;2021;8;FORCEPS NORMAL;13
MOV;2021;8;PARTO GEMELAR CESARIANA;4
MOV;2021;8;PARTO NORMAL;191
MOV;2021;9;CESAREAS;102
MOV;2021;9;CIRURGIA GINECOLÓGICA;33
MOV;2021;9;CURETAGEM;24
MOV;2021;9;FORCEPS NORMAL;4
MOV;2021;9;PARTO GEMELAR NORMAL;1
MOV;2021;9;PARTO NORMAL;170
MOV;2021;10;CESAREAS;72
MOV;2021;10;CIRURGIA GINECOLÓGICA;24
MOV;2021;10;CURETAGEM;19
MOV;2021;10;FORCEPS NORMAL;6
MOV;2021;10;PARTO GEMELAR CESARIANA;1
MOV;2021;10;PARTO GEMELAR NORMAL;1
MOV;2021;10;PARTO NORMAL;156
MOV;2021;11;CESAREAS;76
MOV;2021;11;CIRURGIA GINECOLÓGICA;39
MOV;2021;11;CURETAGEM;24
MOV;2021;11;FORCEPS NORMAL;7
MOV;2021;11;PARTO GEMELAR CESARIANA;2
MOV;2021;11;PARTO GEMELAR NORMAL;1
MOV;2021;11;PARTO NORMAL;183
MOV;2021;12;CESAREAS;73
MOV;2021;12;CIRURGIA GINECOLÓGICA;37
MOV;2021;12;CURETAGEM;25
MOV;2021;12;FORCEPS NORMAL;20
MOV;2021;12;PARTO GEMELAR NORMAL;1
MOV;2021;12;PARTO NORMAL;141
MOV;2022;1;CESAREAS;70
MOV;2022;1;CIRURGIA GINECOLÓGICA;11
MOV;2022;1;CURETAGEM;19
MOV;2022;1;FORCEPS NORMAL;7
MOV;2022;1;PARTO GEMELAR CESARIANA;2
MOV;2022;1;PARTO GEMELAR NORMAL;1
MOV;2022;1;PARTO NORMAL;165
MOV;2022;2;CESAREAS;68
MOV;2022;2;CIRURGIA GINECOLÓGICA;16
MOV;2022;2;CURETAGEM;17
MOV;2022;2;FORCEPS NORMAL;3
MOV;2022;2;PARTO GEMELAR CESARIANA;3
MOV;2022;2;PARTO GEMELAR NORMAL;1
MOV;2022;2;PARTO NORMAL;149
MOV;2022;3;CESAREAS;82
MOV;2022;3;CIRURGIA GINECOLÓGICA;69
MOV;2022;3;CURETAGEM;14
MOV;2022;3;FORCEPS NORMAL;5
MOV;2022;3;PARTO GEMELAR CESARIANA;1
MOV;2022;3;PARTO NORMAL;190
MOV;2022;4;CESAREAS;63
MOV;2022;4;CIRURGIA GINECOLÓGICA;29
MOV;2022;4;CURETAGEM;17
MOV;2022;4;FORCEPS NORMAL;3
MOV;2022;4;PARTO GEMELAR CESARIANA;1
MOV;2022;4;PARTO NORMAL;169
MOV;2022;5;CESAREAS;84
MOV;2022;5;CIRURGIA GINECOLÓGICA;49
MOV;2022;5;CURETAGEM;7
MOV;2022;5;FORCEPS NORMAL;17
MOV;2022;5;PARTO GEMELAR CESARIANA;4
MOV;2022;5;PARTO NORMAL;172
MOV;2022;6;CESAREAS;71
MOV;2022;6;CIRURGIA GINECOLÓGICA;54
MOV;2022;6;CURETAGEM;20
MOV;2022;6;FORCEPS NORMAL;6
MOV;2022;6;PARTO GEMELAR CESARIANA;2
MOV;2022;6;PARTO NORMAL;174
MOV;2022;7;CESAREAS;90
MOV;2022;7;CIRURGIA GINECOLÓGICA;53
MOV;2022;7;CURETAGEM;20
MOV;2022;7;FORCEPS NORMAL;6
MOV;2022;7;PARTO GEMELAR CESARIANA;2
MOV;2022;7;PARTO NORMAL;167
MOV;2022;8;CESAREAS;79
MOV;2022;8;CIRURGIA GINECOLÓGICA;38
MOV;2022;8;CURETAGEM;20
MOV;2022;8;FORCEPS NORMAL;4
MOV;2022;8;PARTO GEMELAR CESARIANA;2
MOV;2022;8;PARTO GEMELAR NORMAL;2
MOV;2022;8;PARTO NORMAL;152
MOV;2022;9;CESAREAS;78
MOV;2022;9;CIRURGIA GINECOLÓGICA;22
MOV;2022;9;CURETAGEM;22
MOV;2022;9;FORCEPS NORMAL;4
MOV;2022;9;PARTO GEMELAR CESARIANA;2
MOV;2022;9;PARTO GEMELAR NORMAL;2
MOV;2022;9;PARTO NORMAL;151
MOV;2022;10;CESAREAS;88
MOV;2022;10;CIRURGIA GINECOLÓGICA;3
MOV;2022;10;CURETAGEM;22
MOV;2022;10;FORCEPS NORMAL;8
MOV;2022;10;PARTO GEMELAR CESARIANA;5
MOV;2022;10;PARTO NORMAL;135
MOV;2022;11;CESAREAS;96
MOV;2022;11;CIRURGIA GINECOLÓGICA;9
MOV;2022;11;CURETAGEM;16
MOV;2022;11;FORCEPS NORMAL;5
MOV;2022;11;PARTO GEMELAR CESARIANA;7
MOV;2022;11;PARTO NORMAL;137
MOV;2022;12;CESAREAS;93
MOV;2022;12;CURETAGEM;15
MOV;2022;12;FORCEPS NORMAL;7
MOV;2022;12;PARTO GEMELAR CESARIANA;4
MOV;2022;12;PARTO GEMELAR NORMAL;1
MOV;2022;12;PARTO NORMAL;176
MOV;2023;1;CESAREAS;110
MOV;2023;1;CURETAGEM;15
MOV;2023;1;FORCEPS NORMAL;4
MOV;2023;1;PARTO GEMELAR CESARIANA;4
MOV;2023;1;PARTO GEMELAR NORMAL;1
MOV;2023;1;PARTO NORMAL;155
MOV;2023;2;CESAREAS;95
MOV;2023;2;CIRURGIA GINECOLÓGICA;1
MOV;2023;2;CURETAGEM;10
MOV;2023;2;FORCEPS NORMAL;8
MOV;2023;2;PARTO GEMELAR CESARIANA;3
MOV;2023;2;PARTO NORMAL;164
MOV;2023;3;CESAREAS;119
MOV;2023;3;CIRURGIA GINECOLÓGICA;11
MOV;2023;3;CURETAGEM;11
MOV;2023;3;FORCEPS NORMAL;5
MOV;2023;3;PARTO GEMELAR CESARIANA;8
MOV;2023;3;PARTO NORMAL;182
MOV;2023;4;CESAREAS;93
MOV;2023;4;CIRURGIA GINECOLÓGICA;24
MOV;2023;4;COLPOPERINEOPLASTIA ANTERIOR E POSTERIOR;2
MOV;2023;4;CURETAGEM;11
MOV;2023;4;CURETAGEM UTERINA EM MOLA HIDATIFORME;1
MOV;2023;4;HISTERECTOMIA TOTAL;3
MOV;2023;4;HISTEROSCOPIA CIRURGICA C/ RESSECTOSCOPIO;7
MOV;2023;4;LAQUEADURA TUBARIA;6
MOV;2023;4;OPERAÇÃO CESARIANA;35
MOV;2023;4;OPERAÇÃO CESARIANA COM LAQUEADURA TUBARIA;5
MOV;2023;4;OPERAÇÃO CESARIANA EM GESTAÇÃO DE ALTO RISCO;32
MOV;2023;4;PARTO GEMELAR CESARIANA;1
MOV;2023;4;PARTO NORMAL;131
MOV;2023;4;PARTO NORMAL;176
MOV;2023;4;PARTO NORMAL EM CENTRO DE PARTO NORMAL (CPN);2
MOV;2023;4;PARTO NORMAL EM GESTAÇÃO DE ALTO RISCO;33
MOV;2023;4;SALPINGECTOMIA VIDEOLAPAROSCOPICA;1
MOV;2023;5;CURETAGEM SEMIOTICA C/ OU S/ DILATACAO DO COLO DO UTERO;2
MOV;2023;5;CURETAGEM UTERINA EM MOLA HIDATIFORME;1
MOV;2023;5;DILATACAO DE COLO DO UTERO;1
MOV;2023;5;HISTERECTOMIA (POR VIA VAGINAL);2
MOV;2023;5;HISTERECTOMIA TOTAL;7
MOV;2023;5;HISTEROSCOPIA CIRURGICA C/ RESSECTOSCOPIO;20
MOV;2023;5;LAQUEADURA TUBARIA;9
MOV;2023;5;MARSUPIALIZACAO DE GLÂNDULA DE BARTOLIN;1
MOV;2023;5;MIOMECTOMIA;2
MOV;2023;5;OOFORECTOMIA / OOFOROPLASTIA;1
MOV;2023;5;OPERAÇÃO CESARIANA;49
MOV;2023;5;OPERAÇÃO CESARIANA COM LAQUEADURA TUBARIA;8
MOV;2023;5;OPERAÇÃO CESARIANA EM GESTAÇÃO DE ALTO RISCO;35
MOV;2023;5;PARTO NORMAL;160
MOV;2023;5;PARTO NORMAL EM CENTRO DE PARTO NORMAL (CPN);2
MOV;2023;5;PARTO NORMAL EM GESTAÇÃO DE ALTO RISCO;15
MOV;2023;5;SALPINGECTOMIA UNI / BILATERAL;1
MOV;2023;6;COLPOPERINEOPLASTIA ANTERIOR E POSTERIOR;7
MOV;2023;6;COLPOPERINEOPLASTIA POSTERIOR;1
MOV;2023;6;CURETAGEM SEMIOTICA C/ OU S/ DILATACAO DO COLO DO UTERO;2
MOV;2023;6;CURETAGEM UTERINA EM MOLA HIDATIFORME;2
MOV;2023;6;EXERESE DE CISTO VAGINAL;1
MOV;2023;6;EXTIRPACAO DE LESAO DE VULVA / PERINEO (POR ELETROCOAGULACAO OU FULGURACAO);2
MOV;2023;6;HISTERECTOMIA TOTAL;12
MOV;2023;6;HISTEROSCOPIA CIRURGICA C/ RESSECTOSCOPIO;22
MOV;2023;6;LAQUEADURA TUBARIA;8
MOV;2023;6;MIOMECTOMIA;1
MOV;2023;6;MIOMECTOMIA VIDEOLAPAROSCOPICA;1
MOV;2023;6;OPERAÇÃO CESARIANA;45
MOV;2023;6;OPERAÇÃO CESARIANA COM LAQUEADURA TUBARIA;12
MOV;2023;6;OPERAÇÃO CESARIANA EM GESTAÇÃO DE ALTO RISCO;30
MOV;2023;6;PARTO NORMAL;174
MOV;2023;6;PARTO NORMAL EM GESTAÇÃO DE ALTO RISCO;13
MOV;2023;6;SALPINGECTOMIA UNI / BILATERAL;1
MOV;2023;6;SALPINGECTOMIA VIDEOLAPAROSCOPICA;3
MOV;2023;6;TRATAMENTO CIRURGICO DE INCONTINÊNCIA URINÁRIA POR VIA VAGINAL;1
MOV;2023;6;VULVECTOMIA SIMPLES;1
MOV;2023;7;CERCLAGEM DE COLO DO UTERO;5
MOV;2023;7;COLPOPERINEOPLASTIA ANTERIOR E POSTERIOR;7
MOV;2023;7;COLPOPERINEORRAFIA NAO OBSTETRICA;1
MOV;2023;7;CURETAGEM SEMIOTICA C/ OU S/ DILATACAO DO COLO DO UTERO;1
MOV;2023;7;CURETAGEM UTERINA EM MOLA HIDATIFORME;2
MOV;2023;7;DILATACAO DE COLO DO UTERO;1
MOV;2023;7;HISTERECTOMIA TOTAL;8
MOV;2023;7;HISTEROSCOPIA CIRURGICA C/ RESSECTOSCOPIO;12
MOV;2023;7;LAQUEADURA TUBARIA;7
MOV;2023;7;MIOMECTOMIA VIDEOLAPAROSCOPICA;1
MOV;2023;7;OOFORECTOMIA / OOFOROPLASTIA;1
MOV;2023;7;OPERAÇÃO CESARIANA;45
MOV;2023;7;OPERAÇÃO CESARIANA COM LAQUEADURA TUBARIA;9
MOV;2023;7;OPERAÇÃO CESARIANA EM GESTAÇÃO DE ALTO RISCO;34
MOV;2023;7;PARTO NORMAL;156
MOV;2023;7;PARTO NORMAL EM GESTAÇÃO DE ALTO RISCO;13
MOV;2023;7;SALPINGECTOMIA VIDEOLAPAROSCOPICA;1
MOV;2023;7;SALPINGOPLASTIA VIDEOLAPAROSCOPICA;1
MOV;2023;8;COLPOPERINEOPLASTIA ANTERIOR E POSTERIOR;2
MOV;2023;8;COLPOPERINEOPLASTIA POSTERIOR;1
MOV;2023;8;CURETAGEM SEMIOTICA C/ OU S/ DILATACAO DO COLO DO UTERO;1
MOV;2023;8;DILATACAO DE COLO DO UTERO;2
MOV;2023;8;EXCISÃO TIPO 3 DO COLO UTERINO;1
MOV;2023;8;EXERESE DE POLIPO DE UTERO;1
MOV;2023;8;EXTIRPACAO DE LESAO DE VULVA / PERINEO (POR ELETROCOAGULACAO OU FULGURACAO);1
MOV;2023;8;HISTERECTOMIA TOTAL;5
MOV;2023;8;HISTEROSCOPIA CIRURGICA C/ RESSECTOSCOPIO;15
MOV;2023;8;LAQUEADURA TUBARIA;10
MOV;2023;8;MARSUPIALIZACAO DE GLÂNDULA DE BARTOLIN;1
MOV;2023;8;MIOMECTOMIA;2
MOV;2023;8;OPERAÇÃO CESARIANA;50
MOV;2023;8;OPERAÇÃO CESARIANA COM LAQUEADURA TUBARIA;19
MOV;2023;8;OPERAÇÃO CESARIANA EM GESTAÇÃO DE ALTO RISCO;30
MOV;2023;8;PARTO NORMAL;183
MOV;2023;8;PARTO NORMAL EM GESTAÇÃO DE ALTO RISCO;4
MOV;2023;8;SALPINGECTOMIA UNI / BILATERAL;1
MOV;2023;8;SALPINGECTOMIA VIDEOLAPAROSCOPICA;2
MOV;2023;9;COLPOPERINEOPLASTIA ANTERIOR E POSTERIOR;1
MOV;2023;9;CURETAGEM SEMIOTICA C/ OU S/ DILATACAO DO COLO DO UTERO;3
MOV;2023;9;DILATACAO DE COLO DO UTERO;1
MOV;2023;9;EXCISÃO TIPO 3 DO COLO UTERINO;4
MOV;2023;9;HISTERECTOMIA TOTAL;8
MOV;2023;9;HISTEROSCOPIA CIRURGICA C/ RESSECTOSCOPIO;18
MOV;2023;9;LAQUEADURA TUBARIA;8
MOV;2023;9;MIOMECTOMIA;1
MOV;2023;9;OPERAÇÃO CESARIANA;55
MOV;2023;9;OPERAÇÃO CESARIANA COM LAQUEADURA TUBARIA;17
MOV;2023;9;OPERAÇÃO CESARIANA EM GESTAÇÃO DE ALTO RISCO;40
MOV;2023;9;PARTO NORMAL;149
MOV;2023;9;PARTO NORMAL EM GESTAÇÃO DE ALTO RISCO;9
MOV;2023;9;SALPINGOPLASTIA;1
MOV;2023;10;CERCLAGEM DE COLO DO UTERO;1
MOV;2023;10;COLPOCLEISE (CIRURGIA DE LE FORT);2
MOV;2023;10;CURETAGEM SEMIOTICA C/ OU S/ DILATACAO DO COLO DO UTERO;3
MOV;2023;10;DILATACAO DE COLO DO UTERO;1
MOV;2023;10;EXCISÃO TIPO 3 DO COLO UTERINO;5
MOV;2023;10;HISTERECTOMIA (POR VIA VAGINAL);6
MOV;2023;10;HISTERECTOMIA TOTAL;5
MOV;2023;10;HISTEROSCOPIA CIRURGICA C/ RESSECTOSCOPIO;31
MOV;2023;10;LAQUEADURA TUBARIA;11
MOV;2023;10;OPERAÇÃO CESARIANA;45
MOV;2023;10;OPERAÇÃO CESARIANA COM LAQUEADURA TUBARIA;17
MOV;2023;10;OPERAÇÃO CESARIANA EM GESTAÇÃO DE ALTO RISCO;29
MOV;2023;10;PARTO NORMAL;166
MOV;2023;10;PARTO NORMAL EM GESTAÇÃO DE ALTO RISCO;9
MOV;2023;10;SALPINGECTOMIA VIDEOLAPAROSCOPICA;1
MOV;2023;10;SALPINGOPLASTIA;1
MOV;2023;11;COLPOCLEISE (CIRURGIA DE LE FORT);1
MOV;2023;11;COLPOTOMIA;1
MOV;2023;11;CURETAGEM SEMIOTICA C/ OU S/ DILATACAO DO COLO DO UTERO;2
MOV;2023;11;CURETAGEM UTERINA EM MOLA HIDATIFORME;3
MOV;2023;11;EXCISÃO TIPO 3 DO COLO UTERINO;6
MOV;2023;11;HISTERECTOMIA (POR VIA VAGINAL);2
MOV;2023;11;HISTERECTOMIA TOTAL;9
MOV;2023;11;HISTEROSCOPIA CIRURGICA C/ RESSECTOSCOPIO;12
MOV;2023;11;LAQUEADURA TUBARIA;13
MOV;2023;11;OPERAÇÃO CESARIANA;56
MOV;2023;11;OPERAÇÃO CESARIANA COM LAQUEADURA TUBARIA;14
MOV;2023;11;OPERAÇÃO CESARIANA EM GESTAÇÃO DE ALTO RISCO;33
MOV;2023;11;PARTO NORMAL;161
MOV;2023;11;PARTO NORMAL EM GESTAÇÃO DE ALTO RISCO;11
MOV;2023;11;SALPINGECTOMIA UNI / BILATERAL;1
MOV;2023;11;SALPINGOPLASTIA;6
MOV;2023;12;COLPOCLEISE (CIRURGIA DE LE FORT);2
MOV;2023;12;COLPOPERINEOPLASTIA ANTERIOR E POSTERIOR;1
MOV;2023;12;EXCISÃO TIPO 3 DO COLO UTERINO;4
MOV;2023;12;EXERESE DE GLÂNDULA DE BARTHOLIN / SKENE;1
MOV;2023;12;HISTERECTOMIA (POR VIA VAGINAL);6
MOV;2023;12;HISTERECTOMIA TOTAL;4
MOV;2023;12;HISTEROSCOPIA CIRURGICA C/ RESSECTOSCOPIO;30
MOV;2023;12;LAQUEADURA TUBARIA;21
MOV;2023;12;MIOMECTOMIA;2
MOV;2023;12;OOFORECTOMIA / OOFOROPLASTIA;1
MOV;2023;12;OPERAÇÃO CESARIANA;41
MOV;2023;12;OPERAÇÃO CESARIANA COM LAQUEADURA TUBARIA;17
MOV;2023;12;OPERAÇÃO CESARIANA EM GESTAÇÃO DE ALTO RISCO;35
MOV;2023;12;OPERACAO DE BURCH;1
MOV;2023;12;PARTO NORMAL;161
MOV;2023;12;PARTO NORMAL EM GESTAÇÃO DE ALTO RISCO;12
MOV;2023;12;SALPINGECTOMIA UNI / BILATERAL;4
MOV;2024;1;CERCLAGEM DE COLO DO UTERO;2
MOV;2024;1;CURETAGEM UTERINA EM MOLA HIDATIFORME;2
MOV;2024;1;EXCISÃO TIPO 3 DO COLO UTERINO;3
MOV;2024;1;EXERESE DE GLÂNDULA DE BARTHOLIN / SKENE;1
MOV;2024;1;HISTERECTOMIA TOTAL;2
MOV;2024;1;HISTEROSCOPIA CIRURGICA C/ RESSECTOSCOPIO;24
MOV;2024;1;LAQUEADURA TUBARIA;18
MOV;2024;1;MIOMECTOMIA;1
MOV;2024;1;OOFORECTOMIA / OOFOROPLASTIA;1
MOV;2024;1;OPERAÇÃO CESARIANA;51
MOV;2024;1;OPERAÇÃO CESARIANA COM LAQUEADURA TUBARIA;10
MOV;2024;1;OPERAÇÃO CESARIANA EM GESTAÇÃO DE ALTO RISCO;27
MOV;2024;1;PARTO NORMAL;151
MOV;2024;1;PARTO NORMAL EM CENTRO DE PARTO NORMAL (CPN);1
MOV;2024;1;PARTO NORMAL EM GESTAÇÃO DE ALTO RISCO;9
MOV;2024;1;SALPINGECTOMIA UNI / BILATERAL;3
MOV;2024;1;SALPINGECTOMIA VIDEOLAPAROSCOPICA;3
MOV;2024;1;SALPINGOPLASTIA;2
MOV;2024;2;COLPOPERINEOPLASTIA ANTERIOR E POSTERIOR;2
MOV;2024;2;CURETAGEM SEMIOTICA C/ OU S/ DILATACAO DO COLO DO UTERO;1
MOV;2024;2;EXCISÃO TIPO 3 DO COLO UTERINO;2
MOV;2024;2;EXERESE DE GLÂNDULA DE BARTHOLIN / SKENE;1
MOV;2024;2;HISTERECTOMIA (POR VIA VAGINAL);4
MOV;2024;2;HISTERECTOMIA TOTAL;9
MOV;2024;2;HISTEROSCOPIA CIRURGICA C/ RESSECTOSCOPIO;8
MOV;2024;2;LAQUEADURA TUBARIA;19
MOV;2024;2;MIOMECTOMIA;1
MOV;2024;2;OOFORECTOMIA / OOFOROPLASTIA;1
MOV;2024;2;OPERAÇÃO CESARIANA;52
MOV;2024;2;OPERAÇÃO CESARIANA COM LAQUEADURA TUBARIA;17
MOV;2024;2;OPERAÇÃO CESARIANA EM GESTAÇÃO DE ALTO RISCO;32
MOV;2024;2;PARTO NORMAL;175
MOV;2024;2;PARTO NORMAL EM GESTAÇÃO DE ALTO RISCO;15
MOV;2024;2;SALPINGECTOMIA UNI / BILATERAL;4
MOV;2024;2;TRATAMENTO CIRURGICO DE HIPERTROFIA DOS PEQUENOS LABIOS;1
MOV;2024;3;CERCLAGEM DE COLO DO UTERO;2
MOV;2024;3;COLPOCLEISE (CIRURGIA DE LE FORT);2
MOV;2024;3;CURETAGEM UTERINA EM MOLA HIDATIFORME;1
MOV;2024;3;EXCISÃO TIPO 3 DO COLO UTERINO;3
MOV;2024;3;HISTERECTOMIA (POR VIA VAGINAL);3
MOV;2024;3;HISTERECTOMIA TOTAL;8
MOV;2024;3;HISTEROSCOPIA CIRURGICA C/ RESSECTOSCOPIO;5
MOV;2024;3;LAQUEADURA TUBARIA;13
MOV;2024;3;MIOMECTOMIA;1
MOV;2024;3;OPERAÇÃO CESARIANA;63
MOV;2024;3;OPERAÇÃO CESARIANA COM LAQUEADURA TUBARIA;26
MOV;2024;3;OPERAÇÃO CESARIANA EM GESTAÇÃO DE ALTO RISCO;30
MOV;2024;3;PARTO NORMAL;178
MOV;2024;3;PARTO NORMAL EM GESTAÇÃO DE ALTO RISCO;17
MOV;2024;3;SALPINGECTOMIA UNI / BILATERAL;4
MOV;2024;3;SALPINGECTOMIA VIDEOLAPAROSCOPICA;1
MOV;2024;3;TRATAMENTO CIRURGICO DE HIPERTROFIA DOS PEQUENOS LABIOS;1
MOV;2024;4;CERCLAGEM DE COLO DO UTERO;1
MOV;2024;4;COLPOCLEISE (CIRURGIA DE LE FORT);1
MOV;2024;4;COLPOPERINEOPLASTIA ANTERIOR E POSTERIOR;1
MOV;2024;4;CURETAGEM SEMIOTICA C/ OU S/ DILATACAO DO COLO DO UTERO;2
MOV;2024;4;EXCISÃO TIPO 3 DO COLO UTERINO;6
MOV;2024;4;HISTERECTOMIA (POR VIA VAGINAL);5
MOV;2024;4;HISTERECTOMIA TOTAL;15
MOV;2024;4;HISTEROSCOPIA CIRURGICA C/ RESSECTOSCOPIO;10
MOV;2024;4;LAQUEADURA TUBARIA;17
MOV;2024;4;MARSUPIALIZACAO DE GLÂNDULA DE BARTOLIN;1
MOV;2024;4;OOFORECTOMIA / OOFOROPLASTIA;1
MOV;2024;4;OPERAÇÃO CESARIANA;47
MOV;2024;4;OPERAÇÃO CESARIANA COM LAQUEADURA TUBARIA;12
MOV;2024;4;OPERAÇÃO CESARIANA EM GESTAÇÃO DE ALTO RISCO;37
MOV;2024;4;PARTO NORMAL;154
MOV;2024;4;PARTO NORMAL EM GESTAÇÃO DE ALTO RISCO;16
MOV;2024;4;SALPINGECTOMIA UNI / BILATERAL;4
MOV;2024;4;SALPINGOPLASTIA VIDEOLAPAROSCOPICA;1
MOV;2024;5;COLPOCLEISE (CIRURGIA DE LE FORT);2
MOV;2024;5;COLPOPERINEOPLASTIA ANTERIOR E POSTERIOR;1
MOV;2024;5;COLPOPERINEOPLASTIA POSTERIOR;1
MOV;2024;5;CURETAGEM SEMIOTICA C/ OU S/ DILATACAO DO COLO DO UTERO;1
MOV;2024;5;EXCISÃO TIPO 3 DO COLO UTERINO;4
MOV;2024;5;HISTERECTOMIA (POR VIA VAGINAL);2
MOV;2024;5;HISTERECTOMIA TOTAL;11
MOV;2024;5;HISTEROSCOPIA CIRURGICA C/ RESSECTOSCOPIO;19
MOV;2024;5;LAQUEADURA TUBARIA;14
MOV;2024;5;LAQUEADURA TUBÁRIA NA MESMA INTERNAÇÃO DE PARTO NORMAL;5
MOV;2024;5;MARSUPIALIZACAO DE GLÂNDULA DE BARTOLIN;1
MOV;2024;5;OPERAÇÃO CESARIANA;57
MOV;2024;5;OPERAÇÃO CESARIANA COM LAQUEADURA TUBARIA;22
MOV;2024;5;OPERAÇÃO CESARIANA EM GESTAÇÃO DE ALTO RISCO;37
MOV;2024;5;PARTO NORMAL;160
MOV;2024;5;PARTO NORMAL EM GESTAÇÃO DE ALTO RISCO;7
MOV;2024;5;SALPINGECTOMIA UNI / BILATERAL;1
MOV;2024;5;TRATAMENTO CIRURGICO DE HIPERTROFIA DOS PEQUENOS LABIOS;1
MOV;2024;6;CERCLAGEM DE COLO DO UTERO;3
MOV;2024;6;COLPOCLEISE (CIRURGIA DE LE FORT);1
MOV;2024;6;COLPOPERINEOPLASTIA ANTERIOR E POSTERIOR;1
MOV;2024;6;CURETAGEM SEMIOTICA C/ OU S/ DILATACAO DO COLO DO UTERO;2
MOV;2024;6;CURETAGEM UTERINA EM MOLA HIDATIFORME;1
MOV;2024;6;EXCISÃO TIPO 3 DO COLO UTERINO;5
MOV;2024;6;HIMENOTOMIA;1
MOV;2024;6;HISTERECTOMIA TOTAL;8
MOV;2024;6;HISTERECTOMIA VIDEOLAPAROSCOPICA;1
MOV;2024;6;HISTEROSCOPIA CIRURGICA C/ RESSECTOSCOPIO;34
MOV;2024;6;LAQUEADURA TUBARIA;15
MOV;2024;6;LAQUEADURA TUBÁRIA NA MESMA INTERNAÇÃO DE PARTO NORMAL;10
MOV;2024;6;MARSUPIALIZACAO DE GLÂNDULA DE BARTOLIN;1
MOV;2024;6;OOFORECTOMIA / OOFOROPLASTIA;1
MOV;2024;6;OPERAÇÃO CESARIANA;42
MOV;2024;6;OPERAÇÃO CESARIANA COM LAQUEADURA TUBARIA;17
MOV;2024;6;OPERAÇÃO CESARIANA EM GESTAÇÃO DE ALTO RISCO;40
MOV;2024;6;PARTO NORMAL;134
MOV;2024;6;PARTO NORMAL EM GESTAÇÃO DE ALTO RISCO;20
MOV;2024;7;CURETAGEM SEMIOTICA C/ OU S/ DILATACAO DO COLO DO UTERO;2
MOV;2024;7;EXCISÃO TIPO 3 DO COLO UTERINO;5
MOV;2024;7;HISTERECTOMIA TOTAL;3
MOV;2024;7;HISTERECTOMIA VIDEOLAPAROSCOPICA;1
MOV;2024;7;HISTEROSCOPIA CIRURGICA C/ RESSECTOSCOPIO;27
MOV;2024;7;LAQUEADURA TUBARIA;14
MOV;2024;7;LAQUEADURA TUBÁRIA NA MESMA INTERNAÇÃO DE PARTO NORMAL;4
MOV;2024;7;MARSUPIALIZACAO DE GLÂNDULA DE BARTOLIN;1
MOV;2024;7;OPERAÇÃO CESARIANA;41
MOV;2024;7;OPERAÇÃO CESARIANA COM LAQUEADURA TUBARIA;15
MOV;2024;7;OPERAÇÃO CESARIANA EM GESTAÇÃO DE ALTO RISCO;34
MOV;2024;7;PARTO NORMAL;145
MOV;2024;7;PARTO NORMAL EM GESTAÇÃO DE ALTO RISCO;13
MOV;2024;7;SALPINGECTOMIA UNI / BILATERAL;1
MOV;2024;8;CERCLAGEM DE COLO DO UTERO;2
MOV;2024;8;COLPOPERINEOPLASTIA ANTERIOR E POSTERIOR;1
MOV;2024;8;CURETAGEM SEMIOTICA C/ OU S/ DILATACAO DO COLO DO UTERO;2
MOV;2024;8;EXCISÃO TIPO 3 DO COLO UTERINO;4
MOV;2024;8;HISTERECTOMIA (POR VIA VAGINAL);1
MOV;2024;8;HISTERECTOMIA TOTAL;13
MOV;2024;8;HISTERECTOMIA VIDEOLAPAROSCOPICA;2
MOV;2024;8;HISTEROSCOPIA CIRURGICA C/ RESSECTOSCOPIO;27
MOV;2024;8;LAQUEADURA TUBARIA;4
MOV;2024;8;LAQUEADURA TUBÁRIA NA MESMA INTERNAÇÃO DE PARTO NORMAL;10
MOV;2024;8;MIOMECTOMIA;5
MOV;2024;8;OPERAÇÃO CESARIANA;53
MOV;2024;8;OPERAÇÃO CESARIANA COM LAQUEADURA TUBARIA;18
MOV;2024;8;OPERAÇÃO CESARIANA EM GESTAÇÃO DE ALTO RISCO;31
MOV;2024;8;PARTO NORMAL;139
MOV;2024;8;PARTO NORMAL EM GESTAÇÃO DE ALTO RISCO;13
MOV;2024;8;SALPINGECTOMIA UNI / BILATERAL;3
MOV;2024;8;TRATAMENTO CIRURGICO DE HIPERTROFIA DOS PEQUENOS LABIOS;1
MOV;2024;9;CERCLAGEM DE COLO DO UTERO;2
MOV;2024;9;COLPOCLEISE (CIRURGIA DE LE FORT);1
MOV;2024;9;COLPOPERINEOPLASTIA ANTERIOR E POSTERIOR;2
MOV;2024;9;CURETAGEM SEMIOTICA C/ OU S/ DILATACAO DO COLO DO UTERO;1
MOV;2024;9;EXCISÃO TIPO 3 DO COLO UTERINO;7
MOV;2024;9;HISTERECTOMIA (POR VIA VAGINAL);5
MOV;2024;9;HISTERECTOMIA TOTAL;15
MOV;2024;9;HISTERECTOMIA VIDEOLAPAROSCOPICA;2
MOV;2024;9;HISTEROSCOPIA CIRURGICA C/ RESSECTOSCOPIO;18
MOV;2024;9;LAQUEADURA TUBARIA;10
MOV;2024;9;LAQUEADURA TUBÁRIA NA MESMA INTERNAÇÃO DE PARTO NORMAL;21
MOV;2024;9;MARSUPIALIZACAO DE GLÂNDULA DE BARTOLIN;1
MOV;2024;9;MIOMECTOMIA;2
MOV;2024;9;OPERAÇÃO CESARIANA;50
MOV;2024;9;OPERAÇÃO CESARIANA COM LAQUEADURA TUBARIA;18
MOV;2024;9;OPERAÇÃO CESARIANA EM GESTAÇÃO DE ALTO RISCO;39
MOV;2024;9;PARTO NORMAL;145
MOV;2024;9;PARTO NORMAL EM GESTAÇÃO DE ALTO RISCO;16
MOV;2024;9;SALPINGECTOMIA UNI / BILATERAL;4
MOV;2024;9;SALPINGOPLASTIA;1
MOV;2024;9;TRATAMENTO CIRURGICO DE HIPERTROFIA DOS PEQUENOS LABIOS;1
MOV;2024;10;CURETAGEM SEMIOTICA C/ OU S/ DILATACAO DO COLO DO UTERO;4
MOV;2024;10;EXCISÃO TIPO 3 DO COLO UTERINO;8
MOV;2024;10;EXTIRPACAO DE LESAO DE VULVA / PERINEO (POR ELETROCOAGULACAO OU FULGURACAO);1
MOV;2024;10;HISTEROSCOPIA CIRURGICA C/ RESSECTOSCOPIO;13
MOV;2024;10;LAQUEADURA TUBARIA;4
MOV;2024;10;LAQUEADURA TUBÁRIA NA MESMA INTERNAÇÃO DE PARTO NORMAL;18
MOV;2024;10;OPERAÇÃO CESARIANA;44
MOV;2024;10;OPERAÇÃO CESARIANA COM LAQUEADURA TUBARIA;22
MOV;2024;10;OPERAÇÃO CESARIANA EM GESTAÇÃO DE ALTO RISCO;43
MOV;2024;10;PARTO NORMAL;127
MOV;2024;10;PARTO NORMAL EM GESTAÇÃO DE ALTO RISCO;18
MOV;2024;10;SALPINGECTOMIA UNI / BILATERAL;1
MOV;2024;11;CERCLAGEM DE COLO DO UTERO;2
MOV;2024;11;CURETAGEM SEMIOTICA C/ OU S/ DILATACAO DO COLO DO UTERO;1
MOV;2024;11;EXCISÃO TIPO 3 DO COLO UTERINO;9
MOV;2024;11;HISTERECTOMIA (POR VIA VAGINAL);1
MOV;2024;11;HISTERECTOMIA C/ ANEXECTOMIA (UNI / BILATERAL);1
MOV;2024;11;HISTERECTOMIA TOTAL;3
MOV;2024;11;HISTEROSCOPIA CIRURGICA C/ RESSECTOSCOPIO;20
MOV;2024;11;LAQUEADURA TUBARIA;1
MOV;2024;11;LAQUEADURA TUBÁRIA NA MESMA INTERNAÇÃO DE PARTO NORMAL;9
MOV;2024;11;MIOMECTOMIA;1
MOV;2024;11;OPERAÇÃO CESARIANA;39
MOV;2024;11;OPERAÇÃO CESARIANA COM LAQUEADURA TUBARIA;11
MOV;2024;11;OPERAÇÃO CESARIANA EM GESTAÇÃO DE ALTO RISCO;32
MOV;2024;11;PARTO NORMAL;123
MOV;2024;11;PARTO NORMAL EM GESTAÇÃO DE ALTO RISCO;11
MOV;2024;12;CERCLAGEM DE COLO DO UTERO;3
MOV;2024;12;CURETAGEM SEMIOTICA C/ OU S/ DILATACAO DO COLO DO UTERO;1
MOV;2024;12;EXCISÃO TIPO 3 DO COLO UTERINO;2
MOV;2024;12;HISTERECTOMIA (POR VIA VAGINAL);1
MOV;2024;12;HISTERECTOMIA TOTAL;3
MOV;2024;12;HISTERECTOMIA VIDEOLAPAROSCOPICA;2
MOV;2024;12;HISTEROSCOPIA CIRURGICA C/ RESSECTOSCOPIO;12
MOV;2024;12;LAQUEADURA TUBARIA;2
MOV;2024;12;LAQUEADURA TUBÁRIA NA MESMA INTERNAÇÃO DE PARTO NORMAL;9
MOV;2024;12;MIOMECTOMIA;1
MOV;2024;12;OPERAÇÃO CESARIANA;48
MOV;2024;12;OPERAÇÃO CESARIANA COM LAQUEADURA TUBARIA;25
MOV;2024;12;OPERAÇÃO CESARIANA EM GESTAÇÃO DE ALTO RISCO;24
MOV;2024;12;PARTO NORMAL;119
MOV;2024;12;PARTO NORMAL EM GESTAÇÃO DE ALTO RISCO;19
MOV;2024;12;SALPINGECTOMIA VIDEOLAPAROSCOPICA;1
MOV;2025;1;CERCLAGEM DE COLO DO UTERO;2
MOV;2025;1;CURETAGEM SEMIOTICA C/ OU S/ DILATACAO DO COLO DO UTERO;1
MOV;2025;1;EXCISÃO TIPO 3 DO COLO UTERINO;1
MOV;2025;1;HISTERECTOMIA TOTAL;2
MOV;2025;1;HISTEROSCOPIA CIRURGICA C/ RESSECTOSCOPIO;4
MOV;2025;1;LAQUEADURA TUBARIA;2
MOV;2025;1;LAQUEADURA TUBÁRIA NA MESMA INTERNAÇÃO DE PARTO NORMAL;13
MOV;2025;1;MIOMECTOMIA;2
MOV;2025;1;OPERAÇÃO CESARIANA;44
MOV;2025;1;OPERAÇÃO CESARIANA COM LAQUEADURA TUBARIA;7
MOV;2025;1;OPERAÇÃO CESARIANA EM GESTAÇÃO DE ALTO RISCO;55
MOV;2025;1;PARTO NORMAL;168
MOV;2025;1;PARTO NORMAL EM GESTAÇÃO DE ALTO RISCO;8
MOV;2025;1;SALPINGECTOMIA UNI / BILATERAL;3
MOV;2025;1;SALPINGECTOMIA VIDEOLAPAROSCOPICA;1
MOV;2025;2;CERCLAGEM DE COLO DO UTERO;1
MOV;2025;2;COLPOCLEISE (CIRURGIA DE LE FORT);1
MOV;2025;2;COLPOPERINEOPLASTIA ANTERIOR E POSTERIOR;1
MOV;2025;2;CURETAGEM SEMIOTICA C/ OU S/ DILATACAO DO COLO DO UTERO;2
MOV;2025;2;CURETAGEM UTERINA EM MOLA HIDATIFORME;1
MOV;2025;2;EXCISÃO TIPO 3 DO COLO UTERINO;2
MOV;2025;2;HISTERECTOMIA (POR VIA VAGINAL);1
MOV;2025;2;HISTERECTOMIA TOTAL;9
MOV;2025;2;HISTERECTOMIA VIDEOLAPAROSCOPICA;2
MOV;2025;2;HISTEROSCOPIA CIRURGICA C/ RESSECTOSCOPIO;16
MOV;2025;2;LAQUEADURA TUBARIA;1
MOV;2025;2;LAQUEADURA TUBÁRIA NA MESMA INTERNAÇÃO DE PARTO NORMAL;16
MOV;2025;2;MIOMECTOMIA;4
MOV;2025;2;OOFORECTOMIA / OOFOROPLASTIA;1
MOV;2025;2;OPERAÇÃO CESARIANA;33
MOV;2025;2;OPERAÇÃO CESARIANA COM LAQUEADURA TUBARIA;11
MOV;2025;2;OPERAÇÃO CESARIANA EM GESTAÇÃO DE ALTO RISCO;47
MOV;2025;2;PARTO NORMAL;135
MOV;2025;2;PARTO NORMAL EM GESTAÇÃO DE ALTO RISCO;18
MOV;2025;2;SALPINGECTOMIA UNI / BILATERAL;1
MOV;2025;3;COLPOPERINEOPLASTIA ANTERIOR E POSTERIOR;2
MOV;2025;3;DILATACAO DE COLO DO UTERO;1
MOV;2025;3;EXCISÃO TIPO 3 DO COLO UTERINO;5
MOV;2025;3;HISTERECTOMIA (POR VIA VAGINAL);4
MOV;2025;3;HISTERECTOMIA TOTAL;12
MOV;2025;3;HISTEROSCOPIA CIRURGICA C/ RESSECTOSCOPIO;22
MOV;2025;3;LAQUEADURA TUBARIA;4
MOV;2025;3;LAQUEADURA TUBÁRIA NA MESMA INTERNAÇÃO DE PARTO NORMAL;21
MOV;2025;3;MARSUPIALIZACAO DE GLÂNDULA DE BARTOLIN;1
MOV;2025;3;OPERAÇÃO CESARIANA;43
MOV;2025;3;OPERAÇÃO CESARIANA COM LAQUEADURA TUBARIA;20
MOV;2025;3;OPERAÇÃO CESARIANA EM GESTAÇÃO DE ALTO RISCO;50
MOV;2025;3;PARTO NORMAL;167
MOV;2025;3;PARTO NORMAL EM CENTRO DE PARTO NORMAL (CPN);1
MOV;2025;3;PARTO NORMAL EM GESTAÇÃO DE ALTO RISCO;15
MOV;2025;3;SALPINGECTOMIA VIDEOLAPAROSCOPICA;3
MOV;2025;3;TRATAMENTO CIRURGICO DE HIPERTROFIA DOS PEQUENOS LABIOS;1
MOV;2025;4;CERCLAGEM DE COLO DO UTERO;1
MOV;2025;4;COLPOPERINEOPLASTIA ANTERIOR E POSTERIOR;6
MOV;2025;4;EXCISÃO TIPO 3 DO COLO UTERINO;4
MOV;2025;4;HISTERECTOMIA (POR VIA VAGINAL);9
MOV;2025;4;HISTERECTOMIA TOTAL;7
MOV;2025;4;HISTEROSCOPIA CIRURGICA C/ RESSECTOSCOPIO;16
MOV;2025;4;LAQUEADURA TUBARIA;8
MOV;2025;4;LAQUEADURA TUBÁRIA NA MESMA INTERNAÇÃO DE PARTO NORMAL;21
MOV;2025;4;OPERAÇÃO CESARIANA;62
MOV;2025;4;OPERAÇÃO CESARIANA COM LAQUEADURA TUBARIA;17
MOV;2025;4;OPERAÇÃO CESARIANA EM GESTAÇÃO DE ALTO RISCO;34
MOV;2025;4;PARTO NORMAL;155
MOV;2025;4;PARTO NORMAL EM GESTAÇÃO DE ALTO RISCO;28
MOV;2025;5;CERCLAGEM DE COLO DO UTERO;1
MOV;2025;5;COLPOCLEISE (CIRURGIA DE LE FORT);1
MOV;2025;5;COLPOPERINEOPLASTIA ANTERIOR E POSTERIOR;8
MOV;2025;5;CURETAGEM SEMIOTICA C/ OU S/ DILATACAO DO COLO DO UTERO;2
MOV;2025;5;EXCISÃO TIPO 3 DO COLO UTERINO;4
MOV;2025;5;EXTIRPACAO DE LESAO DE VULVA / PERINEO (POR ELETROCOAGULACAO OU FULGURACAO);1
MOV;2025;5;HISTERECTOMIA (POR VIA VAGINAL);8
MOV;2025;5;HISTERECTOMIA TOTAL;10
MOV;2025;5;HISTEROSCOPIA CIRURGICA C/ RESSECTOSCOPIO;13
MOV;2025;5;LAQUEADURA TUBARIA;4
MOV;2025;5;LAQUEADURA TUBÁRIA NA MESMA INTERNAÇÃO DE PARTO NORMAL;18
MOV;2025;5;OPERAÇÃO CESARIANA;44
MOV;2025;5;OPERAÇÃO CESARIANA COM LAQUEADURA TUBARIA;16
MOV;2025;5;OPERAÇÃO CESARIANA EM GESTAÇÃO DE ALTO RISCO;59
MOV;2025;5;PARTO NORMAL;155
MOV;2025;5;PARTO NORMAL EM CENTRO DE PARTO NORMAL (CPN);1
MOV;2025;5;PARTO NORMAL EM GESTAÇÃO DE ALTO RISCO;21
MOV;2025;5;SALPINGECTOMIA UNI / BILATERAL;1
MOV;2025;5;TRATAMENTO CIRURGICO DE HIPERTROFIA DOS PEQUENOS LABIOS;1
MOV;2025;6;CERCLAGEM DE COLO DO UTERO;2
MOV;2025;6;COLPOCLEISE (CIRURGIA DE LE FORT);1
MOV;2025;6;COLPOPERINEOPLASTIA ANTERIOR E POSTERIOR;6
MOV;2025;6;CURETAGEM SEMIOTICA C/ OU S/ DILATACAO DO COLO DO UTERO;1
MOV;2025;6;EXCISÃO TIPO 3 DO COLO UTERINO;2
MOV;2025;6;HISTERECTOMIA (POR VIA VAGINAL);14
MOV;2025;6;HISTERECTOMIA TOTAL;2
MOV;2025;6;HISTERECTOMIA VIDEOLAPAROSCOPICA;3
MOV;2025;6;HISTEROSCOPIA CIRURGICA C/ RESSECTOSCOPIO;17
MOV;2025;6;LAQUEADURA TUBARIA;5
MOV;2025;6;LAQUEADURA TUBÁRIA NA MESMA INTERNAÇÃO DE PARTO NORMAL;23
MOV;2025;6;MIOMECTOMIA;1
MOV;2025;6;OOFORECTOMIA / OOFOROPLASTIA;1
MOV;2025;6;OPERAÇÃO CESARIANA;38
MOV;2025;6;OPERAÇÃO CESARIANA COM LAQUEADURA TUBARIA;19
MOV;2025;6;OPERAÇÃO CESARIANA EM GESTAÇÃO DE ALTO RISCO;42
MOV;2025;6;PARTO NORMAL;169
MOV;2025;6;PARTO NORMAL EM GESTAÇÃO DE ALTO RISCO;18
MOV;2025;7;CERCLAGEM DE COLO DO UTERO;1
MOV;2025;7;COLPOCLEISE (CIRURGIA DE LE FORT);2
MOV;2025;7;COLPOPERINEOPLASTIA ANTERIOR E POSTERIOR;4
MOV;2025;7;COLPOPLASTIA ANTERIOR;1
MOV;2025;7;DILATACAO DE COLO DO UTERO;1
MOV;2025;7;EXCISÃO TIPO 3 DO COLO UTERINO;2
MOV;2025;7;HISTERECTOMIA (POR VIA VAGINAL);4
MOV;2025;7;HISTERECTOMIA TOTAL;5
MOV;2025;7;HISTERECTOMIA VIDEOLAPAROSCOPICA;2
MOV;2025;7;HISTEROSCOPIA CIRURGICA C/ RESSECTOSCOPIO;11
MOV;2025;7;LAQUEADURA TUBARIA;1
MOV;2025;7;LAQUEADURA TUBÁRIA NA MESMA INTERNAÇÃO DE PARTO NORMAL;21
MOV;2025;7;OPERAÇÃO CESARIANA;38
MOV;2025;7;OPERAÇÃO CESARIANA COM LAQUEADURA TUBARIA;14
MOV;2025;7;OPERAÇÃO CESARIANA EM GESTAÇÃO DE ALTO RISCO;40
MOV;2025;7;PARTO NORMAL;141
MOV;2025;7;PARTO NORMAL EM GESTAÇÃO DE ALTO RISCO;22
MOV;2025;7;SALPINGECTOMIA UNI / BILATERAL;1
MOV;2025;8;CERCLAGEM DE COLO DO UTERO;2
MOV;2025;8;CURETAGEM SEMIOTICA C/ OU S/ DILATACAO DO COLO DO UTERO;1
MOV;2025;8;CURETAGEM UTERINA EM MOLA HIDATIFORME;1
MOV;2025;8;EXCISÃO TIPO 3 DO COLO UTERINO;5
MOV;2025;8;HISTERECTOMIA (POR VIA VAGINAL);3
MOV;2025;8;HISTERECTOMIA TOTAL;6
MOV;2025;8;HISTERECTOMIA VIDEOLAPAROSCOPICA;1
MOV;2025;8;HISTEROSCOPIA CIRURGICA C/ RESSECTOSCOPIO;10
MOV;2025;8;LAQUEADURA TUBARIA;2
MOV;2025;8;LAQUEADURA TUBÁRIA NA MESMA INTERNAÇÃO DE PARTO NORMAL;18
MOV;2025;8;MIOMECTOMIA;1
MOV;2025;8;OPERAÇÃO CESARIANA;41
MOV;2025;8;OPERAÇÃO CESARIANA COM LAQUEADURA TUBARIA;19
MOV;2025;8;OPERAÇÃO CESARIANA EM GESTAÇÃO DE ALTO RISCO;37
MOV;2025;8;PARTO NORMAL;152
MOV;2025;8;PARTO NORMAL EM CENTRO DE PARTO NORMAL (CPN);2
MOV;2025;8;PARTO NORMAL EM GESTAÇÃO DE ALTO RISCO;11
MOV;2025;8;SALPINGECTOMIA UNI / BILATERAL;1
MOV;2025;9;CERCLAGEM DE COLO DO UTERO;4
MOV;2025;9;COLPOPERINEOPLASTIA ANTERIOR E POSTERIOR;2
MOV;2025;9;CURETAGEM SEMIOTICA C/ OU S/ DILATACAO DO COLO DO UTERO;1
MOV;2025;9;EXCISÃO TIPO 3 DO COLO UTERINO;2
MOV;2025;9;HISTERECTOMIA (POR VIA VAGINAL);4
MOV;2025;9;HISTERECTOMIA TOTAL;7
MOV;2025;9;HISTERECTOMIA VIDEOLAPAROSCOPICA;4
MOV;2025;9;HISTEROSCOPIA CIRURGICA C/ RESSECTOSCOPIO;10
MOV;2025;9;LAQUEADURA TUBARIA;2
MOV;2025;9;LAQUEADURA TUBÁRIA NA MESMA INTERNAÇÃO DE PARTO NORMAL;22
MOV;2025;9;MARSUPIALIZACAO DE GLÂNDULA DE BARTOLIN;1
MOV;2025;9;MIOMECTOMIA;1
MOV;2025;9;OPERAÇÃO CESARIANA;44
MOV;2025;9;OPERAÇÃO CESARIANA COM LAQUEADURA TUBARIA;20
MOV;2025;9;OPERAÇÃO CESARIANA EM GESTAÇÃO DE ALTO RISCO;27
MOV;2025;9;PARTO NORMAL;138
MOV;2025;9;PARTO NORMAL EM GESTAÇÃO DE ALTO RISCO;19
MOV;2025;10;CERCLAGEM DE COLO DO UTERO;1
MOV;2025;10;COLPOPERINEOPLASTIA POSTERIOR;1
MOV;2025;10;EXCISÃO TIPO 3 DO COLO UTERINO;6
MOV;2025;10;EXERESE DE CISTO VAGINAL;1
MOV;2025;10;HISTERECTOMIA (POR VIA VAGINAL);4
MOV;2025;10;HISTERECTOMIA TOTAL;8
MOV;2025;10;HISTERECTOMIA VIDEOLAPAROSCOPICA;1
MOV;2025;10;HISTEROSCOPIA CIRURGICA C/ RESSECTOSCOPIO;6
MOV;2025;10;LAQUEADURA TUBARIA;7
MOV;2025;10;LAQUEADURA TUBÁRIA NA MESMA INTERNAÇÃO DE PARTO NORMAL;18
MOV;2025;10;OOFORECTOMIA / OOFOROPLASTIA;3
MOV;2025;10;OPERAÇÃO CESARIANA;48
MOV;2025;10;OPERAÇÃO CESARIANA COM LAQUEADURA TUBARIA;15
MOV;2025;10;OPERAÇÃO CESARIANA EM GESTAÇÃO DE ALTO RISCO;29
MOV;2025;10;PARTO NORMAL;147
MOV;2025;10;PARTO NORMAL EM CENTRO DE PARTO NORMAL (CPN);1
MOV;2025;10;PARTO NORMAL EM GESTAÇÃO DE ALTO RISCO;26
MOV;2025;11;CERCLAGEM DE COLO DO UTERO;2
MOV;2025;11;COLPOPERINEOPLASTIA ANTERIOR E POSTERIOR;4
MOV;2025;11;CURETAGEM UTERINA EM MOLA HIDATIFORME;1
MOV;2025;11;EXCISÃO TIPO 3 DO COLO UTERINO;2
MOV;2025;11;EXCISÃO TIPO I DO COLO UTERINO;1
MOV;2025;11;HISTERECTOMIA (POR VIA VAGINAL);7
MOV;2025;11;HISTERECTOMIA TOTAL;4
MOV;2025;11;HISTERECTOMIA VIDEOLAPAROSCOPICA;1
MOV;2025;11;HISTEROSCOPIA CIRURGICA C/ RESSECTOSCOPIO;11
MOV;2025;11;LAQUEADURA TUBARIA;3
MOV;2025;11;LAQUEADURA TUBÁRIA NA MESMA INTERNAÇÃO DE PARTO NORMAL;26
MOV;2025;11;OPERAÇÃO CESARIANA;38
MOV;2025;11;OPERAÇÃO CESARIANA COM LAQUEADURA TUBARIA;13
MOV;2025;11;OPERAÇÃO CESARIANA EM GESTAÇÃO DE ALTO RISCO;36
MOV;2025;11;PARTO NORMAL;134
MOV;2025;11;PARTO NORMAL EM CENTRO DE PARTO NORMAL (CPN);2
MOV;2025;11;PARTO NORMAL EM GESTAÇÃO DE ALTO RISCO;23
MOV;2025;11;SALPINGECTOMIA VIDEOLAPAROSCOPICA;1
MOV;2025;11;TRATAMENTO CIRURGICO DE INCONTINÊNCIA URINÁRIA POR VIA VAGINAL;2
MOV;2025;12;CERCLAGEM DE COLO DO UTERO;5
MOV;2025;12;COLPOPERINEOPLASTIA ANTERIOR E POSTERIOR;2
MOV;2025;12;HISTERECTOMIA (POR VIA VAGINAL);6
MOV;2025;12;HISTERECTOMIA TOTAL;1
MOV;2025;12;LAQUEADURA TUBARIA;5
MOV;2025;12;LAQUEADURA TUBÁRIA NA MESMA INTERNAÇÃO DE PARTO NORMAL;9
MOV;2025;12;MARSUPIALIZACAO DE GLÂNDULA DE BARTOLIN;1
MOV;2025;12;OPERAÇÃO CESARIANA;29
MOV;2025;12;OPERAÇÃO CESARIANA COM LAQUEADURA TUBARIA;17
MOV;2025;12;OPERAÇÃO CESARIANA EM GESTAÇÃO DE ALTO RISCO;49
MOV;2025;12;PARTO NORMAL;135
MOV;2025;12;PARTO NORMAL EM GESTAÇÃO DE ALTO RISCO;20
MOV;2025;12;TRATAMENTO CIRURGICO DE INCONTINÊNCIA URINÁRIA POR VIA VAGINAL;1
MOV;2026;1;CERCLAGEM DE COLO DO UTERO;1
MOV;2026;1;COLPOPERINEOPLASTIA ANTERIOR E POSTERIOR;7
MOV;2026;1;CURETAGEM SEMIOTICA C/ OU S/ DILATACAO DO COLO DO UTERO;2
MOV;2026;1;EXCISÃO TIPO 3 DO COLO UTERINO;1
MOV;2026;1;HISTERECTOMIA (POR VIA VAGINAL);3
MOV;2026;1;HISTERECTOMIA TOTAL;2
MOV;2026;1;HISTERECTOMIA VIDEOLAPAROSCOPICA;1
MOV;2026;1;HISTEROSCOPIA CIRURGICA C/ RESSECTOSCOPIO;7
MOV;2026;1;LAQUEADURA TUBARIA;1
MOV;2026;1;LAQUEADURA TUBÁRIA NA MESMA INTERNAÇÃO DE PARTO NORMAL;18
MOV;2026;1;MIOMECTOMIA;1
MOV;2026;1;OPERAÇÃO CESARIANA;40
MOV;2026;1;OPERAÇÃO CESARIANA COM LAQUEADURA TUBARIA;16
MOV;2026;1;OPERAÇÃO CESARIANA EM GESTAÇÃO DE ALTO RISCO;39
MOV;2026;1;PARTO NORMAL;129
MOV;2026;1;PARTO NORMAL EM GESTAÇÃO DE ALTO RISCO;26
MOV;2026;1;RECONSTRUCAO DA VAGINA;1
MOV;2026;1;SALPINGECTOMIA UNI / BILATERAL;1
MOV;2026;1;SALPINGECTOMIA VIDEOLAPAROSCOPICA;2
MOV;2026;1;TRATAMENTO CIRURGICO DE INCONTINÊNCIA URINÁRIA POR VIA VAGINAL;1
MOV;2026;2;COLPOCLEISE (CIRURGIA DE LE FORT);1
MOV;2026;2;COLPOPERINEOPLASTIA ANTERIOR E POSTERIOR;8
MOV;2026;2;COLPOPERINEOPLASTIA ANTERIOR E POSTERIOR C/ AMPUTACAO DE COLO;1
MOV;2026;2;CURETAGEM SEMIOTICA C/ OU S/ DILATACAO DO COLO DO UTERO;1
MOV;2026;2;HISTERECTOMIA (POR VIA VAGINAL);7
MOV;2026;2;HISTERECTOMIA TOTAL;6
MOV;2026;2;HISTERECTOMIA VIDEOLAPAROSCOPICA;2
MOV;2026;2;HISTEROSCOPIA CIRURGICA C/ RESSECTOSCOPIO;17
MOV;2026;2;LAQUEADURA TUBARIA;4
MOV;2026;2;LAQUEADURA TUBÁRIA NA MESMA INTERNAÇÃO DE PARTO NORMAL;24
MOV;2026;2;OPERAÇÃO CESARIANA;29
MOV;2026;2;OPERAÇÃO CESARIANA COM LAQUEADURA TUBARIA;15
MOV;2026;2;OPERAÇÃO CESARIANA EM GESTAÇÃO DE ALTO RISCO;38
MOV;2026;2;PARTO NORMAL;138
MOV;2026;2;PARTO NORMAL EM CENTRO DE PARTO NORMAL (CPN);2
MOV;2026;2;PARTO NORMAL EM GESTAÇÃO DE ALTO RISCO;30
MOV;2026;2;RECONSTRUCAO DA VAGINA;1
MOV;2026;2;SALPINGECTOMIA UNI / BILATERAL;1
MOV;2026;2;SALPINGECTOMIA VIDEOLAPAROSCOPICA;2
MOV;2026;2;SALPINGOPLASTIA VIDEOLAPAROSCOPICA;1
MOV;2026;2;TRATAMENTO CIRURGICO DE INCONTINÊNCIA URINÁRIA POR VIA VAGINAL;1
MOV;2026;3;CERCLAGEM DE COLO DO UTERO;1
MOV;2026;3;COLPOPERINEOPLASTIA ANTERIOR E POSTERIOR;11
MOV;2026;3;CURETAGEM SEMIOTICA C/ OU S/ DILATACAO DO COLO DO UTERO;1
MOV;2026;3;HISTERECTOMIA (POR VIA VAGINAL);7
MOV;2026;3;HISTERECTOMIA TOTAL;6
MOV;2026;3;HISTERECTOMIA VIDEOLAPAROSCOPICA;1
MOV;2026;3;HISTEROSCOPIA CIRURGICA C/ RESSECTOSCOPIO;6
MOV;2026;3;LAQUEADURA TUBARIA;1
MOV;2026;3;LAQUEADURA TUBÁRIA NA MESMA INTERNAÇÃO DE PARTO NORMAL;32
MOV;2026;3;MIOMECTOMIA;1
MOV;2026;3;OPERAÇÃO CESARIANA;38
MOV;2026;3;OPERAÇÃO CESARIANA COM LAQUEADURA TUBARIA;22
MOV;2026;3;OPERAÇÃO CESARIANA EM GESTAÇÃO DE ALTO RISCO;41
MOV;2026;3;PARTO NORMAL;153
MOV;2026;3;PARTO NORMAL EM GESTAÇÃO DE ALTO RISCO;37
MOV;2026;3;SALPINGECTOMIA UNI / BILATERAL;1
MOV;2026;3;SALPINGECTOMIA VIDEOLAPAROSCOPICA;7
MOV;2026;3;SALPINGOPLASTIA VIDEOLAPAROSCOPICA;1
